"","station","length","wgt","sex","Liver.wgt","stomach.wgt","stomach","HSI.dry","Kwet","Kdry","cod.cpue","site","bay","temperature","julian","year"
"1","3",54,1.1499,"I",0.004,0.049,5,2.0921,0.6231,1.2142,11,"Ugak-3","Ugak",13.2,186,2018
"2","3",60,1.7252,"I",0.0204,0.0566,4,7.1279,0.6895,1.325,11,"Ugak-3","Ugak",13.2,186,2018
"3","3",53,1.0803,"I",0.0044,0.031,5,2.3542,0.6281,1.2554,11,"Ugak-3","Ugak",13.2,186,2018
"4","3",44,0.6099,"I",0.0051,0.0162,4,4.8571,0.6059,1.2326,11,"Ugak-3","Ugak",13.2,186,2018
"5","3",55,1.1837,"I",0.0124,0.0365,4,6.1722,0.6184,1.2075,11,"Ugak-3","Ugak",13.2,186,2018
"6","6",71,2.4363,"I",0.0088,0.0738,4,2.1956,0.5907,1.1198,103,"Ugak-6","Ugak",11.9,186,2018
"7","6",61,1.5172,"I",0.0054,0.0465,4,2.1809,0.5826,1.0908,103,"Ugak-6","Ugak",11.9,186,2018
"8","6",60,1.5152,"I",0.0055,0.0413,4,2.2643,0.6146,1.1245,103,"Ugak-6","Ugak",11.9,186,2018
"9","6",60,1.3842,"I",0.01,0.0654,6,4.5045,0.5129,1.0278,103,"Ugak-6","Ugak",11.9,186,2018
"10","6",60,1.5398,"I",0.0103,0.0698,6,4.1532,0.5863,1.1481,103,"Ugak-6","Ugak",11.9,186,2018
"11","6",55,1.0608,"I",0.007,0.0514,6,4.1543,0.4994,1.0128,103,"Ugak-6","Ugak",11.9,186,2018
"12","5",65,2.0522,"I",0.0157,0.0896,6,4.6028,0.6565,1.2421,21,"Ugak-5","Ugak",12.5,186,2018
"13","5",61,1.5749,"I",0.0137,0.0795,6,5.3474,0.594,1.1287,21,"Ugak-5","Ugak",12.5,186,2018
"14","5",61,1.53,"I",0.0108,0.0498,4,4.0179,0.5993,1.1842,21,"Ugak-5","Ugak",12.5,186,2018
"15","5",67,2.2187,"I",0.0238,0.0806,5,6.3013,0.637,1.2558,21,"Ugak-5","Ugak",12.5,186,2018
"16","5",63,1.7198,"I",0.0125,0.0886,6,4.3952,0.5824,1.1374,21,"Ugak-5","Ugak",12.5,186,2018
"17","5",57,1.1769,"I",0.0069,0.0642,6,3.3659,0.5279,1.107,21,"Ugak-5","Ugak",12.5,186,2018
"18","5",62,1.6979,"I",0.0127,0.0783,6,4.6317,0.598,1.1505,21,"Ugak-5","Ugak",12.5,186,2018
"19","5",56,1.34,"I",0.0067,0.0607,6,3.1308,0.6356,1.2186,21,"Ugak-5","Ugak",12.5,186,2018
"20","5",61,1.6785,"I",0.018,0.0923,6,6.7416,0.6131,1.1763,21,"Ugak-5","Ugak",12.5,186,2018
"21","5",60,1.5518,"I",0.0098,0.0968,6,3.9676,0.5923,1.1435,21,"Ugak-5","Ugak",12.5,186,2018
"22","5",62,1.6136,"I",0.007,0.0585,6,2.6505,0.5888,1.1081,21,"Ugak-5","Ugak",12.5,186,2018
"23","5",60,1.4373,"I",0.0097,0.0598,6,4.2284,0.5585,1.062,21,"Ugak-5","Ugak",12.5,186,2018
"24","5",68,2.3139,"I",0.0201,0.1066,6,5.2262,0.6282,1.2232,21,"Ugak-5","Ugak",12.5,186,2018
"25","3",41,0.4672,"I",0.0028,0.0147,3,3.5354,0.5419,1.1491,11,"Ugak-3","Ugak",13.2,186,2018
"26","13",62,1.8505,"I",0.0125,0.0591,4,4.1597,0.672,1.2609,2,"Kilu-7","Kiluida",15.7,188,2018
"27","13",61,1.785,"I",0.0133,0.0724,4,4.6341,0.6874,1.2644,2,"Kilu-7","Kiluida",15.7,188,2018
"28","11",55,1.2077,"I",0.0133,0.0635,5,6.3515,0.6214,1.2586,5,"Kilu-5","Kiluida",15,188,2018
"29","9",68,2.4612,"I",0.027,0.1295,5,6.7584,0.6674,1.2705,13,"Kilu-3","Kiluida",15.9,188,2018
"30","9",65,2.1788,"I",0.0251,0.1106,4,7.2106,0.6735,1.2675,13,"Kilu-3","Kiluida",15.9,188,2018
"31","9",55,1.1952,"I",0.0117,0.0467,4,5.8735,0.6133,1.1973,13,"Kilu-3","Kiluida",15.9,188,2018
"32","9",67,2.3624,"I",0.0124,0.1308,5,3.2317,0.6555,1.2758,13,"Kilu-3","Kiluida",15.9,188,2018
"33","9",70,2.549,"I",0.0231,0.1584,5,5.6068,0.6249,1.2012,13,"Kilu-3","Kiluida",15.9,188,2018
"34","9",50,0.8658,"I",0.0064,0.0354,5,4.2867,0.581,1.1944,13,"Kilu-3","Kiluida",15.9,188,2018
"35","9",69,2.5661,"I",0.0189,0.1223,4,4.6794,0.6497,1.2295,13,"Kilu-3","Kiluida",15.9,188,2018
"36","9",70,2.7734,"I",0.0236,0.1354,4,5.2063,0.6955,1.3216,13,"Kilu-3","Kiluida",15.9,188,2018
"37","9",56,1.3572,"I",0.0074,0.111,5,3.3883,0.6367,1.2436,13,"Kilu-3","Kiluida",15.9,188,2018
"38","9",53,1.5538,"I",0.0057,0.0883,4,2.3265,0.8534,1.6457,13,"Kilu-3","Kiluida",15.9,188,2018
"39","9",53,1.1097,"I",0.0211,0.0528,4,11.3076,0.6331,1.2534,13,"Kilu-3","Kiluida",15.9,188,2018
"40","9",45,0.7002,"I",0.0041,0.029,4,3.5745,0.6405,1.2587,13,"Kilu-3","Kiluida",15.9,188,2018
"41","9",47,0.8046,"I",0.0043,0.0444,5,3.1781,0.6244,1.3032,13,"Kilu-3","Kiluida",15.9,188,2018
"42","11",44,0.6532,"I",0.0034,0.0295,4,3.0937,0.614,1.2901,5,"Kilu-5","Kiluida",15,188,2018
"43","11",63,1.9671,"I",0.0128,0.1008,5,4.07,0.6539,1.2578,5,"Kilu-5","Kiluida",15,188,2018
"44","11",51,1.0353,"I",0.0061,0.0412,4,3.7127,0.6434,1.2386,5,"Kilu-5","Kiluida",15,188,2018
"45","11",46,0.7289,"I",0.0046,0.0522,5,3.7307,0.6029,1.2667,5,"Kilu-5","Kiluida",15,188,2018
"46","10",55,1.2762,"I",0.0102,0.0948,4,5.2014,0.6092,1.1787,4,"Kilu-4","Kiluida",16.9,188,2018
"47","10",58,1.5234,"I",0.0141,0.0569,3,5.6513,0.6821,1.2788,4,"Kilu-4","Kiluida",16.9,188,2018
"48","10",49,0.9146,"I",0.0043,0.0395,4,3.0367,0.6482,1.2036,4,"Kilu-4","Kiluida",16.9,188,2018
"49","15",62,1.472,"I",0.0109,0.0631,4,4.1492,0.5403,1.1023,13,"Kai-2","Kaiugnak",10.7,190,2018
"50","15",71,2.5506,"I",0.0102,0.1033,5,2.391,0.6323,1.1919,13,"Kai-2","Kaiugnak",10.7,190,2018
"51","15",48,0.7871,"I",0.0029,0.0419,5,2.5596,0.5661,1.0245,13,"Kai-2","Kaiugnak",10.7,190,2018
"52","15",53,1.0082,"I",0.0068,0.0345,4,4.3367,0.572,1.0532,13,"Kai-2","Kaiugnak",10.7,190,2018
"53","15",55,1.0965,"I",0.0035,0.0379,5,1.9444,0.5682,1.0819,13,"Kai-2","Kaiugnak",10.7,190,2018
"54","15",42,0.543,"I",0.0042,0.0192,4,5.3777,0.5693,1.0542,13,"Kai-2","Kaiugnak",10.7,190,2018
"55","15",42,0.5481,"I",0.0021,0.0225,5,2.561,0.5539,1.1068,13,"Kai-2","Kaiugnak",10.7,190,2018
"56","17",63,1.8101,"I",0.0097,0.1127,6,3.3821,0.6034,1.147,45,"Kai-4","Kaiugnak",10.4,190,2018
"57","17",64,1.881,"I",0.0132,0.0916,5,4.2608,0.6106,1.1818,45,"Kai-4","Kaiugnak",10.4,190,2018
"58","17",60,1.5711,"I",0.004,0.0993,6,1.6181,0.6132,1.1444,45,"Kai-4","Kaiugnak",10.4,190,2018
"59","17",59,1.5624,"I",0.0108,0.0795,6,4.5151,0.6516,1.1647,45,"Kai-4","Kaiugnak",10.4,190,2018
"60","17",55,1.2009,"I",0.0055,0.0705,6,2.9475,0.6038,1.1216,45,"Kai-4","Kaiugnak",10.4,190,2018
"61","17",49,0.9395,"I",0.0035,0.0534,5,2.6257,0.6537,1.133,45,"Kai-4","Kaiugnak",10.4,190,2018
"62","17",55,1.1743,"I",0.0082,0.0716,6,4.5404,0.5863,1.0855,45,"Kai-4","Kaiugnak",10.4,190,2018
"63","17",45,0.6387,"I",0.0035,0.0458,5,3.821,0.5592,1.0052,45,"Kai-4","Kaiugnak",10.4,190,2018
"64","17",48,0.8495,"I",0.0042,0.0353,4,3.3386,0.6415,1.1375,45,"Kai-4","Kaiugnak",10.4,190,2018
"65","17",58,1.591,"I",0.013,0.1274,6,5.5131,0.6775,1.2085,45,"Kai-4","Kaiugnak",10.4,190,2018
"66","17",57,1.4254,"I",0.0073,0.0891,5,3.2144,0.6593,1.2263,45,"Kai-4","Kaiugnak",10.4,190,2018
"67","17",61,1.6477,"I",0.0113,0.1358,6,4.4175,0.6034,1.127,45,"Kai-4","Kaiugnak",10.4,190,2018
"68","17",55,1.2165,"I",0.0054,0.0978,6,2.9703,0.5857,1.0927,45,"Kai-4","Kaiugnak",10.4,190,2018
"69","17",55,1.1351,"I",0.0048,0.054,5,2.5946,0.5873,1.1119,45,"Kai-4","Kaiugnak",10.4,190,2018
"70","17",56,1.3617,"I",0.0107,0.0955,6,5.1221,0.6315,1.1895,45,"Kai-4","Kaiugnak",10.4,190,2018
"71","17",55,1.2196,"I",0.0044,0.0854,5,2.39,0.5961,1.1065,45,"Kai-4","Kaiugnak",10.4,190,2018
"72","17",52,1.05,"I",0.0037,0.0699,6,2.4585,0.59,1.0704,45,"Kai-4","Kaiugnak",10.4,190,2018
"73","17",53,1.0497,"I",0.0057,0.0913,6,3.6076,0.5826,1.0613,45,"Kai-4","Kaiugnak",10.4,190,2018
"74","20",82,4.6497,"I",0.0365,0.1747,4,4.6681,0.7569,1.4181,407,"Jap-1","Japanese",10.6,192,2018
"75","20",71,2.6602,"I",0.0191,0.1637,5,4.5498,0.6268,1.1729,407,"Jap-1","Japanese",10.6,192,2018
"76","20",74,2.9889,"I",0.0122,0.1054,4,2.5311,0.6409,1.1895,407,"Jap-1","Japanese",10.6,192,2018
"77","20",60,1.4577,"I",0.003,0.059,4,1.2914,0.5765,1.0755,407,"Jap-1","Japanese",10.6,192,2018
"78","21",52,0.9382,"I",0.0062,0.0391,4,4.1667,0.5363,1.0583,302,"Jap-2","Japanese",11,192,2018
"79","21",75,3.1141,"I",0.0241,0.0978,3,4.778,0.6499,1.1956,302,"Jap-2","Japanese",11,192,2018
"80","21",57,1.3317,"I",0.0077,0.0759,6,3.7379,0.6012,1.1124,302,"Jap-2","Japanese",11,192,2018
"81","21",60,1.5956,"I",0.0071,0.0717,6,2.7172,0.6379,1.2097,302,"Jap-2","Japanese",11,192,2018
"82","21",54,0.9748,"I",0.0047,0.0382,4,2.9504,0.5246,1.0117,302,"Jap-2","Japanese",11,192,2018
"83","21",58,1.267,"I",0.0096,0.0734,6,4.699,0.5426,1.0471,302,"Jap-2","Japanese",11,192,2018
"84","21",56,1.1515,"I",0.003,0.0491,5,1.606,0.5389,1.0637,302,"Jap-2","Japanese",11,192,2018
"85","21",50,0.9061,"I",0.0058,0.0427,4,4.1488,0.597,1.1184,302,"Jap-2","Japanese",11,192,2018
"86","21",50,0.7757,"I",0.0021,0.0316,4,1.6509,0.513,1.0176,302,"Jap-2","Japanese",11,192,2018
"87","21",63,1.7051,"I",0.0124,0.0663,5,4.5239,0.5842,1.0962,302,"Jap-2","Japanese",11,192,2018
"88","21",57,1.3387,"I",0.0089,0.0617,5,4.1863,0.6127,1.148,302,"Jap-2","Japanese",11,192,2018
"89","21",59,1.5836,"I",0.0042,0.092,5,1.7143,0.652,1.1929,302,"Jap-2","Japanese",11,192,2018
"90","21",58,1.3497,"I",0.007,0.0663,5,3.2879,0.5807,1.0912,302,"Jap-2","Japanese",11,192,2018
"91","21",55,1.0608,"I",0.0072,0.0468,4,4.3217,0.5386,1.0014,302,"Jap-2","Japanese",11,192,2018
"92","21",54,1.1099,"I",0.0029,0.0417,4,1.6165,0.6043,1.1393,302,"Jap-2","Japanese",11,192,2018
"93","21",56,1.2582,"I",0.0076,0.0574,6,3.8076,0.6052,1.1366,302,"Jap-2","Japanese",11,192,2018
"94","24",82,4.0657,"I",0.0259,0.1337,4,4,0.652,1.1744,42,"Jap-5","Japanese",12.6,192,2018
"95","24",57,1.2435,"I",0.0092,0.0388,4,4.7204,0.5782,1.0524,42,"Jap-5","Japanese",12.6,192,2018
"96","24",60,1.5473,"I",0.0124,0.0445,3,5.1495,0.6264,1.1148,42,"Jap-5","Japanese",12.6,192,2018
"97","24",47,0.7197,"I",0.003,0.047,5,2.924,0.5724,0.9882,42,"Jap-5","Japanese",12.6,192,2018
"98","24",43,0.5864,"I",0.0021,0.0294,6,2.509,0.5846,1.0527,42,"Jap-5","Japanese",12.6,192,2018
"99","28",67,2.7988,"I",0.0367,0.3805,7,9.8207,0.724,1.2425,379,"RR-3","Rodman Reach",10.6,195,2018
"100","28",71,2.8082,"I",0.0175,0.2644,6,4.3619,0.6464,1.1209,379,"RR-3","Rodman Reach",10.6,195,2018
"101","28",71,2.56,"I",0.0151,0.0714,3,3.6307,0.6407,1.162,379,"RR-3","Rodman Reach",10.6,195,2018
"102","28",57,1.4959,"I",0.0063,0.0591,5,2.9384,0.7002,1.1577,379,"RR-3","Rodman Reach",10.6,195,2018
"103","28",58,1.4356,"I",0.0116,0.0888,6,5.2992,0.6155,1.1219,379,"RR-3","Rodman Reach",10.6,195,2018
"104","28",53,1.1052,"I",0.0022,0.0358,4,1.358,0.6167,1.0881,379,"RR-3","Rodman Reach",10.6,195,2018
"105","26",53,1.0496,"I",0.0043,0.0417,3,2.5161,0.5927,1.1479,17,"RR-1","Rodman Reach",10.5,195,2018
"106","26",50,0.7502,"I",0.0034,0.0305,4,2.6439,0.4921,1.0288,17,"RR-1","Rodman Reach",10.5,195,2018
"107","26",62,1.5463,"I",0.0066,0.0487,4,2.3647,0.5695,1.1711,17,"RR-1","Rodman Reach",10.5,195,2018
"108","26",57,1.3427,"I",0.0062,0.0381,3,2.7543,0.6231,1.2155,17,"RR-1","Rodman Reach",10.5,195,2018
"109","26",47,0.6777,"I",0.0029,0.0288,4,2.4514,0.5333,1.1394,17,"RR-1","Rodman Reach",10.5,195,2018
"110","26",45,0.6512,"I",0.0014,0.0227,4,1.2704,0.6134,1.2093,17,"RR-1","Rodman Reach",10.5,195,2018
"111","26",49,0.8149,"I",0.0037,0.0166,1,2.918,0.5863,1.0778,17,"RR-1","Rodman Reach",10.5,195,2018
"112","26",41,0.4947,"I",0.0012,0.0171,3,1.5645,0.585,1.1129,17,"RR-1","Rodman Reach",10.5,195,2018
"113","26",37,0.3496,"I",8e-04,0.0117,3,1.3115,0.5662,1.2043,17,"RR-1","Rodman Reach",10.5,195,2018
"114","26",41,0.5347,"I",0.0024,0.0179,4,2.7119,0.632,1.2841,17,"RR-1","Rodman Reach",10.5,195,2018
"115","27",68,2.5361,"I",0.0343,0.0965,5,8.4151,0.7073,1.2963,16,"RR-2","Rodman Reach",10.8,195,2018
"116","27",71,2.8127,"I",0.0163,0.1105,5,3.4237,0.6659,1.3302,16,"RR-2","Rodman Reach",10.8,195,2018
"117","27",65,1.9777,"I",0.0058,0.0668,3,1.8012,0.6018,1.1725,16,"RR-2","Rodman Reach",10.8,195,2018
"118","27",61,1.6064,"I",0.0069,0.0643,4,2.6216,0.5866,1.1596,16,"RR-2","Rodman Reach",10.8,195,2018
"119","27",60,1.7352,"I",0.0118,0.0809,5,4.0606,0.6684,1.3454,16,"RR-2","Rodman Reach",10.8,195,2018
"120","27",55,1.2399,"I",0.0038,0.0703,5,1.9338,0.6042,1.1811,16,"RR-2","Rodman Reach",10.8,195,2018
"121","27",59,1.4928,"I",0.0052,0.0565,5,2.0448,0.6167,1.2382,16,"RR-2","Rodman Reach",10.8,195,2018
"122","27",62,1.8107,"I",0.0073,0.073,4,2.4637,0.6307,1.2432,16,"RR-2","Rodman Reach",10.8,195,2018
"123","28",55,0.952,"I",0.0039,0.027,4,2.9148,0.4658,0.8042,379,"RR-3","Rodman Reach",10.6,195,2018
"124","34",74,3.205,"M",0.0092,0.2177,6,1.8942,0.6633,1.1986,643,"AG-3","Agripina",10.6,197,2018
"125","34",52,1.0818,"I",0.0061,0.0561,5,3.6527,0.6201,1.1877,643,"AG-3","Agripina",10.6,197,2018
"126","34",43,0.5798,"I",0.0014,0.0278,5,1.6241,0.5646,1.0842,643,"AG-3","Agripina",10.6,197,2018
"127","34",57,1.316,"I",0.0048,0.0557,5,2.3324,0.574,1.1113,643,"AG-3","Agripina",10.6,197,2018
"128","34",50,0.9143,"I",0.0013,0.077,6,0.9332,0.5798,1.1144,643,"AG-3","Agripina",10.6,197,2018
"129","36",71,2.7234,"I",0.0255,0.2704,6,5.9441,0.6198,1.1986,807,"AG-5","Agripina",12,197,2018
"130","36",72,2.9524,"I",0.0426,0.1656,4,8.6462,0.6749,1.32,807,"AG-5","Agripina",12,197,2018
"131","36",65,2.0204,"I",0.0111,0.184,5,3.3831,0.6067,1.1947,807,"AG-5","Agripina",12,197,2018
"132","36",56,1.1333,"I",0.003,0.0707,5,1.5496,0.5302,1.1024,807,"AG-5","Agripina",12,197,2018
"133","36",52,0.9906,"I",0.0011,0.0457,5,0.6707,0.5877,1.1664,807,"AG-5","Agripina",12,197,2018
"134","36",44,0.5995,"I",0.0018,0.0575,6,1.9587,0.5223,1.0788,807,"AG-5","Agripina",12,197,2018
"135","36",50,0.8102,"I",0.0045,0.0482,4,3.4911,0.5016,1.0312,807,"AG-5","Agripina",12,197,2018
"136","34",43,0.5778,"I",0.0063,0.0257,4,7.2832,0.5508,1.088,643,"AG-3","Agripina",10.6,197,2018
"137","34",64,2.0185,"I",0.0232,0.1813,6,7.2613,0.6334,1.2188,643,"AG-3","Agripina",10.6,197,2018
"138","34",68,2.4347,"I",0.0267,0.2497,6,7.1257,0.6307,1.1917,643,"AG-3","Agripina",10.6,197,2018
"139","34",56,1.2366,"I",0.0045,0.0613,5,2.3316,0.5804,1.099,643,"AG-3","Agripina",10.6,197,2018
"140","34",53,1.1737,"I",0.0082,0.0626,5,4.6093,0.6485,1.1949,643,"AG-3","Agripina",10.6,197,2018
"141","35",77,3.6871,"I",0.0308,0.2072,6,5.0089,0.7054,1.3469,835,"AG-4","Agripina",11.8,197,2018
"142","35",35,0.2713,"I",8e-04,0.0183,5,2.005,0.3911,0.9306,835,"AG-4","Agripina",11.8,197,2018
"143","35",44,0.803,"I",0.0017,0.0379,4,1.4493,0.7161,1.377,835,"AG-4","Agripina",11.8,197,2018
"144","35",43,0.6915,"I",0.0037,0.036,4,3.3243,0.6968,1.3999,835,"AG-4","Agripina",11.8,197,2018
"145","35",45,0.6847,"I",0.0022,0.0338,5,2.1053,0.5918,1.1468,835,"AG-4","Agripina",11.8,197,2018
"146","35",34,0.3753,"I",0.0011,0.026,4,1.8676,0.7137,1.4986,835,"AG-4","Agripina",11.8,197,2018
"147","35",68,2.3279,"I",0.018,0.1257,5,4.857,0.6153,1.1786,835,"AG-4","Agripina",11.8,197,2018
"148","35",50,0.7817,"I",0.0019,0.0574,6,1.4683,0.5103,1.0352,835,"AG-4","Agripina",11.8,197,2018
"149","39",70,2.6416,"I",0.0277,0.0774,1,6.208,0.6798,1.3009,552,"PW-2","Port Wrangell",8.7,198,2018
"150","39",65,2.0735,"I",0.0191,0.1175,4,6.3078,0.6205,1.1026,552,"PW-2","Port Wrangell",8.7,198,2018
"151","39",61,1.6746,"I",0.0161,0.0545,3,5.9541,0.6393,1.1913,552,"PW-2","Port Wrangell",8.7,198,2018
"152","39",64,1.8672,"I",0.0147,0.0491,3,4.6299,0.6324,1.2112,552,"PW-2","Port Wrangell",8.7,198,2018
"153","39",61,1.5981,"I",0.0174,0.048,3,6.4901,0.6078,1.1812,552,"PW-2","Port Wrangell",8.7,198,2018
"154","39",60,1.6378,"I",0.0224,0.0884,5,9.2486,0.6083,1.1213,552,"PW-2","Port Wrangell",8.7,198,2018
"155","39",58,1.39,"I",0.003,0.0528,3,1.3643,0.5959,1.127,552,"PW-2","Port Wrangell",8.7,198,2018
"156","39",59,1.4398,"I",0.0089,0.0822,5,4.0826,0.567,1.0615,552,"PW-2","Port Wrangell",8.7,198,2018
"157","39",57,1.3518,"I",0.0155,0.0568,5,7.1792,0.6083,1.1658,552,"PW-2","Port Wrangell",8.7,198,2018
"158","39",55,1.2207,"I",0.0085,0.05,4,4.3235,0.6142,1.1817,552,"PW-2","Port Wrangell",8.7,198,2018
"159","40",42,0.5128,"I",0.0034,0.0184,4,4.3871,0.5248,1.0461,477,"PW-3","Port Wrangell",9.5,198,2018
"160","40",47,0.7774,"I",0.0048,0.0345,4,3.9702,0.5851,1.1645,477,"PW-3","Port Wrangell",9.5,198,2018
"161","40",63,1.6334,"I",0.0162,0.0431,3,5.6584,0.5553,1.145,477,"PW-3","Port Wrangell",9.5,198,2018
"162","40",60,1.5361,"I",0.0148,0.0474,4,5.7767,0.6012,1.1861,477,"PW-3","Port Wrangell",9.5,198,2018
"163","40",42,0.56,"I",0.0014,0.0221,5,1.6073,0.5731,1.1756,477,"PW-3","Port Wrangell",9.5,198,2018
"164","39",61,1.6711,"I",0.0153,0.0841,4,5.8397,0.6126,1.1543,552,"PW-2","Port Wrangell",8.7,198,2018
"165","39",53,1.0302,"I",0.0017,0.04,4,1.0143,0.5787,1.1258,552,"PW-2","Port Wrangell",8.7,198,2018
"166","39",52,1.0357,"I",0.0019,0.0514,6,1.2087,0.58,1.118,552,"PW-2","Port Wrangell",8.7,198,2018
"167","39",43,0.5073,"I",0.0019,0.02,4,2.3899,0.491,0.9999,552,"PW-2","Port Wrangell",8.7,198,2018
"168","39",46,0.6614,"I",0.0017,0.0284,4,1.5511,0.5397,1.126,552,"PW-2","Port Wrangell",8.7,198,2018
"169","39",45,0.8801,"I",0.0024,0.0411,5,1.6937,0.7789,1.555,552,"PW-2","Port Wrangell",8.7,198,2018
"170","39",46,0.6348,"I",0.0027,0.0259,5,2.6812,0.5157,1.0346,552,"PW-2","Port Wrangell",8.7,198,2018
"171","39",47,0.7434,"I",0.0026,0.0335,5,2.1739,0.5572,1.152,552,"PW-2","Port Wrangell",8.7,198,2018
"172","39",50,0.8075,"I",0.0045,0.0321,5,3.4669,0.5212,1.0384,552,"PW-2","Port Wrangell",8.7,198,2018
"173","39",51,0.8436,"I",0.0021,0.0279,4,1.5475,0.5293,1.023,552,"PW-2","Port Wrangell",8.7,198,2018
"174","45",53,1.149,"I",0.0106,0.0546,5,6.0364,0.6319,1.1795,5,"Kuj-4","Kujulik",11.8,200,2018
"175","45",52,0.9132,"I",0.0119,0.0344,4,7.9122,0.5452,1.0696,5,"Kuj-4","Kujulik",11.8,200,2018
"176","45",59,1.3273,"I",0.0097,0.0359,3,4.8139,0.4993,0.9811,5,"Kuj-4","Kujulik",11.8,200,2018
"177","45",54,1.063,"I",0.0038,0.0443,4,2.2314,0.5662,1.0815,5,"Kuj-4","Kujulik",11.8,200,2018
"178","45",54,1.0793,"I",0.0024,0.0808,5,1.3801,0.5577,1.1044,5,"Kuj-4","Kujulik",11.8,200,2018
"179","48",70,2.6727,"I",0.0124,0.0787,4,2.9094,0.6839,1.2426,55,"Mit-3","Mitrofania",10.9,203,2018
"180","48",67,2.551,"I",0.0105,0.1516,5,2.7844,0.7092,1.2538,55,"Mit-3","Mitrofania",10.9,203,2018
"181","48",63,1.9628,"I",0.009,0.626,4,2.9518,0.679,1.2194,55,"Mit-3","Mitrofania",10.9,203,2018
"182","48",57,1.4235,"I",0.0044,0.0709,5,2.0532,0.6538,1.1572,55,"Mit-3","Mitrofania",10.9,203,2018
"183","48",62,1.7827,"I",0.0067,0.0651,5,2.375,0.657,1.1837,55,"Mit-3","Mitrofania",10.9,203,2018
"184","48",65,2.1374,"I",0.023,0.151,6,7.3272,0.639,1.143,55,"Mit-3","Mitrofania",10.9,203,2018
"185","48",67,2.3562,"I",0.0163,0.1037,5,4.5709,0.6609,1.1857,55,"Mit-3","Mitrofania",10.9,203,2018
"186","48",60,1.7785,"I",0.008,0.1187,6,2.9974,0.6927,1.2356,55,"Mit-3","Mitrofania",10.9,203,2018
"187","48",62,1.8328,"I",0.0147,0.0891,6,5.2481,0.6546,1.1753,55,"Mit-3","Mitrofania",10.9,203,2018
"188","48",58,1.5354,"I",0.0142,0.0694,5,6.1982,0.6549,1.1742,55,"Mit-3","Mitrofania",10.9,203,2018
"189","48",50,0.9301,"I",0.0106,0.053,5,7.5499,0.6281,1.1232,55,"Mit-3","Mitrofania",10.9,203,2018
"190","48",49,0.934,"I",0.0067,0.0456,5,4.7551,0.6415,1.1976,55,"Mit-3","Mitrofania",10.9,203,2018
"191","48",59,1.6408,"I",0.006,0.0729,5,2.3971,0.6715,1.2187,55,"Mit-3","Mitrofania",10.9,203,2018
"192","48",61,1.7393,"I",0.0066,0.0938,6,2.5923,0.6217,1.1217,55,"Mit-3","Mitrofania",10.9,203,2018
"193","48",53,1.2361,"I",0.0033,0.0882,5,1.9573,0.6753,1.1325,55,"Mit-3","Mitrofania",10.9,203,2018
"194","48",65,2.2976,"I",0.01,0.1047,4,2.8744,0.7202,1.2668,55,"Mit-3","Mitrofania",10.9,203,2018
"195","48",60,1.787,"I",0.0066,0.1404,6,2.5903,0.6688,1.1796,55,"Mit-3","Mitrofania",10.9,203,2018
"196","48",63,1.9568,"I",0.0065,0.0805,5,2.1703,0.6709,1.1978,55,"Mit-3","Mitrofania",10.9,203,2018
"197","48",56,1.4147,"I",0.0083,0.0583,4,4.0174,0.6725,1.1764,55,"Mit-3","Mitrofania",10.9,203,2018
"198","48",60,1.6771,"I",0.0052,0.0547,4,1.9637,0.6774,1.2259,55,"Mit-3","Mitrofania",10.9,203,2018
"199","48",55,1.3118,"I",0.009,0.0925,6,4.8966,0.6242,1.1047,55,"Mit-3","Mitrofania",10.9,203,2018
"200","48",60,1.5727,"I",0.0051,0.0682,5,2.2078,0.6199,1.0694,55,"Mit-3","Mitrofania",10.9,203,2018
"201","48",60,1.6841,"I",0.0151,0.1223,6,6.1987,0.6375,1.1278,55,"Mit-3","Mitrofania",10.9,203,2018
"202","48",55,1.2419,"I",0.0042,0.0488,5,2.2234,0.6358,1.1354,55,"Mit-3","Mitrofania",10.9,203,2018
"203","48",57,1.5067,"I",0.0141,0.0701,6,6.6509,0.664,1.1448,55,"Mit-3","Mitrofania",10.9,203,2018
"204","53",56,1.25,"I",0.0053,0.0402,5,2.6633,0.62,1.1332,129,"Fox-2","Fox",9.7,205,2018
"205","53",65,1.8376,"I",0.003,0.0757,5,1.0479,0.5803,1.0425,129,"Fox-2","Fox",9.7,205,2018
"206","53",57,1.3796,"I",0.0041,0.0771,6,1.9132,0.6314,1.1572,129,"Fox-2","Fox",9.7,205,2018
"207","53",55,1.2582,"I",0.0037,0.0636,6,1.8612,0.6356,1.1949,129,"Fox-2","Fox",9.7,205,2018
"208","53",53,1.1255,"I",0.0024,0.0521,5,1.3873,0.6266,1.162,129,"Fox-2","Fox",9.7,205,2018
"209","53",55,1.1021,"I",0.0048,0.0403,4,2.7988,0.5598,1.0308,129,"Fox-2","Fox",9.7,205,2018
"210","55",62,1.6762,"I",0.0082,0.0802,5,3.0735,0.6009,1.1195,26,"Fox-4","Fox",11,205,2018
"211","55",58,1.3805,"I",0.0049,0.0628,5,2.3798,0.5457,1.0553,26,"Fox-4","Fox",11,205,2018
"212","55",59,1.5174,"I",0.0059,0.0597,4,2.5106,0.6326,1.1442,26,"Fox-4","Fox",11,205,2018
"213","55",57,1.4259,"I",0.0026,0.0592,5,1.2071,0.6459,1.1631,26,"Fox-4","Fox",11,205,2018
"214","55",54,1.1522,"I",0.0047,0.0546,4,2.5725,0.5985,1.1603,26,"Fox-4","Fox",11,205,2018
"215","55",56,1.2754,"I",0.0041,0.0527,4,2.0267,0.6087,1.1519,26,"Fox-4","Fox",11,205,2018
"216","55",57,1.2633,"I",0.0045,0.0455,4,2.2912,0.5745,1.0605,26,"Fox-4","Fox",11,205,2018
"217","55",56,1.374,"I",0.0098,0.0627,6,4.7689,0.6505,1.1702,26,"Fox-4","Fox",11,205,2018
"218","55",56,1.3607,"I",0.0071,0.0738,5,3.5183,0.6329,1.1491,26,"Fox-4","Fox",11,205,2018
"219","54",59,1.4945,"I",0.0079,0.0696,6,3.3717,0.6055,1.1408,276,"Fox-3","Fox",10.4,205,2018
"220","54",60,1.5619,"I",0.013,0.0841,5,5.2824,0.5988,1.1394,276,"Fox-3","Fox",10.4,205,2018
"221","54",55,1.214,"I",0.0047,0.045,3,2.5895,0.6125,1.0909,276,"Fox-3","Fox",10.4,205,2018
"222","54",57,1.3643,"I",0.0063,0.054,4,2.9844,0.6236,1.1399,276,"Fox-3","Fox",10.4,205,2018
"223","54",51,1.0631,"I",0.0037,0.0612,6,2.3718,0.6613,1.176,276,"Fox-3","Fox",10.4,205,2018
"224","54",50,0.9582,"I",0.0044,0.0342,4,2.9024,0.6582,1.2128,276,"Fox-3","Fox",10.4,205,2018
"225","54",51,1.0287,"I",0.0018,0.0458,5,1.1139,0.6495,1.2182,276,"Fox-3","Fox",10.4,205,2018
"226","54",47,0.7564,"I",0.002,0.0299,5,1.6736,0.5838,1.151,276,"Fox-3","Fox",10.4,205,2018
"227","54",55,1.1571,"I",0.0044,0.0508,4,2.3342,0.5979,1.133,276,"Fox-3","Fox",10.4,205,2018
"228","54",49,0.8606,"I",0.0016,0.0349,5,1.1645,0.6156,1.1679,276,"Fox-3","Fox",10.4,205,2018
"229","59",69,2.6065,"I",0.0307,0.131,4,7.9782,0.6558,1.1714,316,"Sand-3","Sand Point",10,207,2018
"230","59",69,2.3095,"I",0.0208,0.1429,5,5.7906,0.5788,1.0934,316,"Sand-3","Sand Point",10,207,2018
"231","59",60,1.6413,"I",0.0244,0.0676,3,9.461,0.6655,1.194,316,"Sand-3","Sand Point",10,207,2018
"232","59",59,1.6673,"I",0.0214,0.0754,4,8.5669,0.6562,1.2163,316,"Sand-3","Sand Point",10,207,2018
"233","59",61,1.7542,"I",0.0119,0.119,6,4.5734,0.6208,1.1464,316,"Sand-3","Sand Point",10,207,2018
"234","58",78,4.1357,"I",0.0347,0.2545,6,5.5734,0.7295,1.312,395,"Sand-2","Sand Point",10,207,2018
"235","58",56,1.353,"I",0.0109,0.0462,4,5.2861,0.6393,1.1742,395,"Sand-2","Sand Point",10,207,2018
"236","58",62,1.8145,"I",0.0159,0.1064,5,5.805,0.659,1.1493,395,"Sand-2","Sand Point",10,207,2018
"237","58",53,1.7596,"I",0.0144,0.0845,5,5.5577,0.9641,1.7404,395,"Sand-2","Sand Point",10,207,2018
"238","58",45,0.7814,"I",0.0095,0.0402,5,8.6051,0.657,1.2115,395,"Sand-2","Sand Point",10,207,2018
"239","59",65,2.0116,"I",0.0149,0.1236,5,4.6752,0.6114,1.1605,316,"Sand-3","Sand Point",10,207,2018
"240","59",57,1.4995,"I",0.0134,0.0942,5,5.595,0.6692,1.2932,316,"Sand-3","Sand Point",10,207,2018
"241","58",69,2.5319,"I",0.0107,0.1747,6,2.6918,0.638,1.21,395,"Sand-2","Sand Point",10,207,2018
"242","58",64,1.8796,"I",0.0217,0.1016,5,7.2309,0.6028,1.1448,395,"Sand-2","Sand Point",10,207,2018
"243","58",60,1.5737,"I",0.0087,0.0681,4,3.2633,0.6221,1.2343,395,"Sand-2","Sand Point",10,207,2018
"244","58",55,1.1968,"I",0.0066,0.0637,5,3.4286,0.5811,1.157,395,"Sand-2","Sand Point",10,207,2018
"245","58",54,1.0572,"I",0.0062,0.0575,5,3.6088,0.5651,1.091,395,"Sand-2","Sand Point",10,207,2018
"246","58",50,1.0035,"I",0.0024,0.0608,5,1.7366,0.5925,1.1056,395,"Sand-2","Sand Point",10,207,2018
"247","58",50,0.9364,"I",0.006,0.0606,5,4.1465,0.611,1.1576,395,"Sand-2","Sand Point",10,207,2018
"248","58",57,1.3498,"I",0.0077,0.0622,6,3.7397,0.5802,1.1118,395,"Sand-2","Sand Point",10,207,2018
"249","58",53,1.1692,"I",0.0065,0.0605,5,3.5951,0.6395,1.2144,395,"Sand-2","Sand Point",10,207,2018
"250","59",85,5.2273,"F",0.0603,0.4134,6,7.5432,0.6945,1.3017,316,"Sand-3","Sand Point",10,207,2018
"251","59",65,2.0283,"I",0.0183,0.1513,5,5.8114,0.6034,1.1467,316,"Sand-3","Sand Point",10,207,2018
"252","59",62,1.8334,"I",0.0178,0.0783,4,6.1274,0.6481,1.2189,316,"Sand-3","Sand Point",10,207,2018
"253","59",55,1.3497,"I",0.0124,0.081,5,5.973,0.6811,1.2478,316,"Sand-3","Sand Point",10,207,2018
"254","60",72,2.9416,"I",0.0137,0.2094,6,3.3092,0.6459,1.1092,406,"Fal-1","Falmouth",9.1,210,2018
"255","60",77,4.0905,"I",0.0663,0.2576,4,11.9826,0.7242,1.212,406,"Fal-1","Falmouth",9.1,210,2018
"256","60",75,3.3254,"I",0.0247,0.1008,4,4.9008,0.6934,1.1947,406,"Fal-1","Falmouth",9.1,210,2018
"257","60",56,1.4708,"I",0.0133,0.1495,6,6.7478,0.6885,1.1223,406,"Fal-1","Falmouth",9.1,210,2018
"258","60",53,1.0464,"I",0.0012,0.0418,3,0.8523,0.5671,0.9457,406,"Fal-1","Falmouth",9.1,210,2018
"259","60",54,1.0547,"I",0.0018,0.0676,6,1.1524,0.5244,0.992,406,"Fal-1","Falmouth",9.1,210,2018
"260","60",50,0.9418,"I",0.0035,0.0458,4,2.3826,0.6192,1.1752,406,"Fal-1","Falmouth",9.1,210,2018
"261","60",43,0.536,"I",0.0011,0.0192,4,1.3716,0.5314,1.0087,406,"Fal-1","Falmouth",9.1,210,2018
"262","60",40,0.5437,"I",0.0012,0.0223,5,1.5038,0.6969,1.2469,406,"Fal-1","Falmouth",9.1,210,2018
"263","60",36,0.3098,"I",0.0013,0.0063,2,2.7837,0.5273,1.0009,406,"Fal-1","Falmouth",9.1,210,2018
"264","60",42,0.4907,"I",0.0012,0.0163,3,1.669,0.5797,0.9705,406,"Fal-1","Falmouth",9.1,210,2018
"265","62",85,5.0318,"F",0.0624,0.2803,4,8.3579,0.6779,1.2157,118,"Fal-3","Falmouth",9.1,210,2018
"266","62",66,2.151,"I",0.0145,0.1357,5,4.5171,0.6247,1.1165,118,"Fal-3","Falmouth",9.1,210,2018
"267","62",58,1.4063,"I",0.0117,0.0654,5,5.6549,0.5988,1.0604,118,"Fal-3","Falmouth",9.1,210,2018
"268","62",42,0.5534,"I",0.0032,0.0227,4,4.0712,0.6189,1.0609,118,"Fal-3","Falmouth",9.1,210,2018
"269","62",40,0.4127,"I",0.003,0.0128,4,4.9342,0.4866,0.95,118,"Fal-3","Falmouth",9.1,210,2018
"270","63",83,4.8363,"F",0.0652,0.1956,4,8.6691,0.7241,1.3153,1324,"Fal-4","Falmouth",9.3,211,2018
"271","63",65,2.0308,"I",0.0204,0.14,6,6.9767,0.6185,1.0647,1324,"Fal-4","Falmouth",9.3,211,2018
"272","63",91,5.7547,"F",0.0366,0.1501,3,3.8747,0.6825,1.2535,1324,"Fal-4","Falmouth",9.3,211,2018
"273","63",53,1.0924,"I",0.0057,0.085,6,3.7599,0.5756,1.0183,1324,"Fal-4","Falmouth",9.3,211,2018
"274","63",55,1.0391,"I",0.0024,0.0324,3,1.4806,0.5279,0.9743,1324,"Fal-4","Falmouth",9.3,211,2018
"275","63",50,0.7655,"I",0.0031,0.0565,6,2.6632,0.4935,0.9312,1324,"Fal-4","Falmouth",9.3,211,2018
"276","63",53,1.0051,"I",0.003,0.0909,5,1.938,0.5269,1.0398,1324,"Fal-4","Falmouth",9.3,211,2018
"277","63",40,0.385,"I",0.001,0.014,5,1.5314,0.4755,1.0203,1324,"Fal-4","Falmouth",9.3,211,2018
"278","63",45,0.5128,"I",0.0021,0.016,3,2.4027,0.4809,0.9591,1324,"Fal-4","Falmouth",9.3,211,2018
"279","63",92,6.9651,"F",0.1228,0.5554,6,11.7109,0.7219,1.3466,1324,"Fal-4","Falmouth",9.3,211,2018
"280","63",97,7.9791,"F",0.1436,0.2924,3,11.4122,0.7362,1.3787,1324,"Fal-4","Falmouth",9.3,211,2018
"281","70",76,3.648,"I",0.0199,0.2548,7,3.5676,0.6692,1.2707,87,"Bar-6","Baralof",9.8,213,2018
"282","70",76,3.0779,"I",0.0118,0.071,4,2.3174,0.5947,1.16,87,"Bar-6","Baralof",9.8,213,2018
"283","70",53,1.2496,"I",0.0029,0.0655,5,1.6283,0.6509,1.1963,87,"Bar-6","Baralof",9.8,213,2018
"284","70",50,0.9615,"I",8e-04,0.0932,7,0.534,0.5094,1.1984,87,"Bar-6","Baralof",9.8,213,2018
"285","70",43,0.5353,"I",3e-04,0.0343,6,0.3409,0.4371,1.1068,87,"Bar-6","Baralof",9.8,213,2018
"286","67",75,3.7655,"I",0.028,0.2865,7,4.94,0.6816,1.3435,667,"Bar-3","Baralof",9.2,213,2018
"287","67",77,3.63,"I",0.0149,0.0985,3,2.449,0.6592,1.3327,667,"Bar-3","Baralof",9.2,213,2018
"288","67",55,1.2484,"I",0.0029,0.0436,4,2.0097,0.5626,0.8673,667,"Bar-3","Baralof",9.2,213,2018
"289","67",58,1.4938,"I",0.0018,0.0427,4,0.7103,0.5886,1.2987,667,"Bar-3","Baralof",9.2,213,2018
"290","67",44,0.6874,"I",6e-04,0.0363,5,0.5775,0.5566,1.2197,667,"Bar-3","Baralof",9.2,213,2018
"291","67",32,0.3015,"I",0.0036,0.0133,5,7.3171,0.6519,1.5015,667,"Bar-3","Baralof",9.2,213,2018
"292","70",45,0.9451,"I",0.0111,0.0665,6,7.6657,0.815,1.589,87,"Bar-6","Baralof",9.8,213,2018
"293","70",42,0.462,"I",2e-04,0.0227,4,0.2554,0.5346,1.0569,87,"Bar-6","Baralof",9.8,213,2018
"294","70",40,0.5329,"I",6e-04,0.0453,5,0.6936,0.6388,1.3516,87,"Bar-6","Baralof",9.8,213,2018
"295","67",50,0.7412,"I",0.0021,0.0322,4,1.5742,0.5019,1.0672,667,"Bar-3","Baralof",9.2,213,2018
"296","67",51,0.8094,"I",0.0014,0.0255,4,0.955,0.5549,1.1052,667,"Bar-3","Baralof",9.2,213,2018
"297","70",53,1.0545,"I",0.0022,0.0485,4,1.3447,0.5678,1.0989,87,"Bar-6","Baralof",9.8,213,2018
"298","70",49,0.8647,"I",0.0063,0.0636,6,4.7085,0.5928,1.1373,87,"Bar-6","Baralof",9.8,213,2018
"299","67",75,3.4459,"I",0.027,0.1546,4,4.746,0.707,1.3485,667,"Bar-3","Baralof",9.2,213,2018
"300","67",78,3.5679,"I",0.0076,0.3431,6,1.364,0.6002,1.1742,667,"Bar-3","Baralof",9.2,213,2018
"301","67",69,2.2817,"I",0.0044,0.0961,3,1.1414,0.6176,1.1735,667,"Bar-3","Baralof",9.2,213,2018
"302","70",49,0.8073,"I",0.0041,0.0624,4,3.3388,0.5352,1.0438,87,"Bar-6","Baralof",9.8,213,2018
"303","70",40,0.511,"I",0.0022,0.0492,6,2.8205,0.6084,1.2188,87,"Bar-6","Baralof",9.8,213,2018
"304","67",92,7.4432,"M",0.0723,0.7861,6,6.6124,0.7528,1.4042,667,"Bar-3","Baralof",9.2,213,2018
"305","67",96,8.9408,"M",0.056,1.6551,6,4.5849,0.7335,1.3805,667,"Bar-3","Baralof",9.2,213,2018
"306","74",93,7.6765,"I",0.1513,0.8298,7,13.2918,0.7674,1.4152,294,"BB-4","Balboa",12.5,217,2018
"307","74",73,3.4454,"I",0.024,0.2153,6,4.5662,0.7407,1.3511,294,"BB-4","Balboa",12.5,217,2018
"308","74",54,1.2426,"I",0.0057,0.0501,4,3.144,0.6645,1.1514,294,"BB-4","Balboa",12.5,217,2018
"309","74",56,1.3298,"I",0.0057,0.0661,5,2.9037,0.6249,1.1178,294,"BB-4","Balboa",12.5,217,2018
"310","74",77,3.6833,"I",0.0247,0.0922,3,4.0658,0.7115,1.3307,294,"BB-4","Balboa",12.5,217,2018
"311","72",75,3.5731,"I",0.0366,0.181,5,6.628,0.6943,1.3089,86,"BB-2","Balboa",12,217,2018
"312","72",70,2.9569,"I",0.026,0.2678,7,5.8824,0.6976,1.2886,86,"BB-2","Balboa",12,217,2018
"313","72",67,2.61,"I",0.0407,0.2278,7,10.9203,0.6693,1.2392,86,"BB-2","Balboa",12,217,2018
"314","72",69,2.4075,"I",0.025,0.0865,2,6.3776,0.6385,1.1933,86,"BB-2","Balboa",12,217,2018
"315","72",60,1.6878,"I",0.0113,0.0736,5,4.2852,0.6528,1.2208,86,"BB-2","Balboa",12,217,2018
"316","73",94,7.3489,"M",0.1013,0.2884,5,8.1898,0.7894,1.4892,20,"BB-3","Balboa",10.7,217,2018
"317","73",105,10.329,"F",0.1373,0.4305,6,8.0922,0.7944,1.4657,20,"BB-3","Balboa",10.7,217,2018
"318","73",62,1.5472,"I",0.0121,0.053,5,4.4732,0.5756,1.135,20,"BB-3","Balboa",10.7,217,2018
"319","73",53,1.1014,"I",0.0077,0.0262,3,4.1554,0.6274,1.2447,20,"BB-3","Balboa",10.7,217,2018
"320","73",54,1.274,"I",0.0119,0.0626,5,5.6856,0.6968,1.3292,20,"BB-3","Balboa",10.7,217,2018
"321","73",57,1.4548,"I",0.0036,0.0754,5,1.6021,0.6512,1.2133,20,"BB-3","Balboa",10.7,217,2018
"322","73",60,1.5899,"I",0.0127,0.0662,4,4.8252,0.6226,1.2185,20,"BB-3","Balboa",10.7,217,2018
"323","73",51,1.3721,"I",0.0153,0.0609,5,6.4858,0.8739,1.7784,20,"BB-3","Balboa",10.7,217,2018
"324","73",50,0.7882,"I",0.0053,0.0269,3,3.8462,0.5329,1.1024,20,"BB-3","Balboa",10.7,217,2018
"325","74",82,4.917,"F",0.0348,0.4739,6,4.9208,0.7136,1.2826,294,"BB-4","Balboa",12.5,217,2018
"326","74",86,5.2078,"F",0.1013,0.1691,2,12.1042,0.7045,1.3158,294,"BB-4","Balboa",12.5,217,2018
"327","74",74,3.3554,"I",0.0266,0.1814,4,5.2167,0.6984,1.2583,294,"BB-4","Balboa",12.5,217,2018
"328","74",72,2.9067,"I",0.0182,0.1016,4,4.0917,0.6649,1.1917,294,"BB-4","Balboa",12.5,217,2018
"329","74",66,2.2124,"I",0.0163,0.0612,3,4.9499,0.6365,1.1454,294,"BB-4","Balboa",12.5,217,2018
"330","74",56,1.338,"I",0.0067,0.0462,4,3.3054,0.6367,1.1542,294,"BB-4","Balboa",12.5,217,2018
"331","80",80,3.3576,"I",0.0295,0.1645,5,5.6255,0.5622,1.0242,17,"Fox-2","Fox",13.9,219,2018
"332","80",77,3.2357,"I",0.0245,0.1236,5,4.664,0.6165,1.1506,17,"Fox-2","Fox",13.9,219,2018
"333","80",63,1.9393,"I",0.0143,0.0843,5,4.7635,0.6522,1.2006,17,"Fox-2","Fox",13.9,219,2018
"334","80",61,1.7783,"I",0.0152,0.0854,5,5.324,0.6643,1.2578,17,"Fox-2","Fox",13.9,219,2018
"335","80",52,1.0049,"I",0.0089,0.0544,5,5.6151,0.586,1.1272,17,"Fox-2","Fox",13.9,219,2018
"336","79",73,3.2144,"I",0.0205,0.0935,5,3.7851,0.7418,1.3922,147,"Fox-1","Fox",14.3,219,2018
"337","79",62,1.8382,"I",0.0131,0.0612,5,4.2041,0.6791,1.3074,147,"Fox-1","Fox",14.3,219,2018
"338","79",57,1.3749,"I",0.0118,0.0508,4,5.3273,0.6415,1.196,147,"Fox-1","Fox",14.3,219,2018
"339","79",58,1.5789,"I",0.013,0.0619,5,5.3018,0.69,1.2567,147,"Fox-1","Fox",14.3,219,2018
"340","79",55,1.3798,"I",0.0109,0.0537,5,5.1537,0.6953,1.2712,147,"Fox-1","Fox",14.3,219,2018
"341","80",64,1.9697,"I",0.007,0.0774,4,2.1413,0.6439,1.247,17,"Fox-2","Fox",13.9,219,2018
"342","79",56,1.4504,"I",0.0019,0.0552,4,0.7695,0.7174,1.4059,147,"Fox-1","Fox",14.3,219,2018
"343","79",61,1.7253,"I",0.0039,0.1022,5,1.5682,0.5823,1.0957,147,"Fox-1","Fox",14.3,219,2018
"344","79",62,1.7756,"I",0.0112,0.0759,5,4.1405,0.6233,1.135,147,"Fox-1","Fox",14.3,219,2018
"345","80",62,1.5934,"I",0.0081,0.0662,5,3.1542,0.5735,1.0775,17,"Fox-2","Fox",13.9,219,2018
"346","80",56,1.3877,"I",0.0013,0.0754,5,0.5679,0.6705,1.3034,17,"Fox-2","Fox",13.9,219,2018
"347","80",50,0.9351,"I",0.0064,0.046,5,4.2695,0.6512,1.1992,17,"Fox-2","Fox",13.9,219,2018
"348","79",56,1.3132,"I",0.0084,0.0562,5,4.1278,0.6277,1.1588,147,"Fox-1","Fox",14.3,219,2018
"349","79",58,1.5647,"I",0.0166,0.0797,6,6.8709,0.6548,1.2383,147,"Fox-1","Fox",14.3,219,2018
"350","79",60,1.6621,"I",0.0142,0.0707,5,5.5643,0.6487,1.1815,147,"Fox-1","Fox",14.3,219,2018
"351","79",60,1.5824,"I",0.0073,0.0554,4,2.8493,0.6419,1.1861,147,"Fox-1","Fox",14.3,219,2018
"352","79",57,1.4354,"I",0.0127,0.0644,5,5.4436,0.6671,1.2598,147,"Fox-1","Fox",14.3,219,2018
"353","79",61,1.715,"I",0.0062,0.0839,5,2.2997,0.632,1.1878,147,"Fox-1","Fox",14.3,219,2018
"354","79",59,1.158,"I",0.004,0.0217,1,2.0619,0.4847,0.9446,147,"Fox-1","Fox",14.3,219,2018
"355","79",50,0.9725,"I",0.0051,0.052,5,3.3225,0.6526,1.228,147,"Fox-1","Fox",14.3,219,2018
"356","86",83,4.6201,"F",0.0432,0.471,6,6.0547,0.6384,1.2478,6,"Mit-4","Mitrofania",12.4,221,2018
"357","86",71,2.7528,"I",0.026,0.1953,5,5.3465,0.6479,1.3587,6,"Mit-4","Mitrofania",12.4,221,2018
"358","86",71,2.5479,"I",0.0128,0.0757,3,2.7814,0.6257,1.2858,6,"Mit-4","Mitrofania",12.4,221,2018
"359","86",72,2.5577,"I",0.0047,0.0616,4,1.0017,0.5878,1.2571,6,"Mit-4","Mitrofania",12.4,221,2018
"360","86",63,1.8335,"I",0.0012,0.0717,4,0.3796,0.5902,1.2642,6,"Mit-4","Mitrofania",12.4,221,2018
"361","84",94,6.7009,"F",0.0552,0.3453,4,5.1358,0.696,1.294,309,"Mit-3","Mitrofania",11.6,221,2018
"362","84",95,7.1946,"M",0.0336,0.4487,7,2.8898,0.7031,1.3561,309,"Mit-3","Mitrofania",11.6,221,2018
"363","84",86,5.2522,"F",0.0286,0.258,4,3.0822,0.7147,1.4588,309,"Mit-3","Mitrofania",11.6,221,2018
"364","84",69,2.5757,"I",0.0119,0.1206,4,2.8347,0.6509,1.2779,309,"Mit-3","Mitrofania",11.6,221,2018
"365","84",63,1.921,"I",0.0133,0.0757,5,3.672,0.6596,1.4485,309,"Mit-3","Mitrofania",11.6,221,2018
"366","85",97,7.6461,"F",0.0525,0.3264,5,4.3507,0.7299,1.3222,8,"Mit-6","Mitrofania",12.5,221,2018
"367","85",94,6.688,"F",0.0676,0.291,4,6.3683,0.7117,1.278,8,"Mit-6","Mitrofania",12.5,221,2018
"368","85",75,2.9069,"I",0.0151,0.0793,4,3.1399,0.6246,1.1399,8,"Mit-6","Mitrofania",12.5,221,2018
"369","85",51,0.9022,"I",0.0072,0.0313,4,5.1986,0.5735,1.0441,8,"Mit-6","Mitrofania",12.5,221,2018
"370","84",52,1.0153,"I",0.0058,0.0408,4,3.494,0.6118,1.1806,309,"Mit-3","Mitrofania",11.6,221,2018
"371","84",76,3.3291,"F",0.0251,0.1334,4,4.8094,0.6481,1.1889,309,"Mit-3","Mitrofania",11.6,221,2018
"372","84",77,3.6111,"I",0.0252,0.1621,5,4.378,0.6772,1.2608,309,"Mit-3","Mitrofania",11.6,221,2018
"373","84",66,2.1153,"F",0.0239,0.0863,5,7.26,0.6364,1.1451,309,"Mit-3","Mitrofania",11.6,221,2018
"374","84",90,5.5312,"F",0.036,0.1668,3,3.9075,0.6818,1.2638,309,"Mit-3","Mitrofania",11.6,221,2018
"375","84",93,6.9749,"F",0.0992,0.6745,6,9.5614,0.7028,1.2899,309,"Mit-3","Mitrofania",11.6,221,2018
"376","84",99,7.5168,"M",0.1107,0.2945,6,7.7331,0.6872,1.4753,309,"Mit-3","Mitrofania",11.6,221,2018
"377","84",91,5.9066,"M",0.0567,0.2377,4,5.7934,0.6985,1.2987,309,"Mit-3","Mitrofania",11.6,221,2018
"378","84",77,3.4252,"I",0.0251,0.1461,4,4.5979,0.6533,1.1958,309,"Mit-3","Mitrofania",11.6,221,2018
"379","84",87,5.6578,"F",0.0581,0.2365,5,6.3952,0.7551,1.3796,309,"Mit-3","Mitrofania",11.6,221,2018
"380","84",86,5.4044,"F",0.0571,0.3226,5,6.655,0.7323,1.3489,309,"Mit-3","Mitrofania",11.6,221,2018
"381","91",86,4.9522,"M",0.0277,0.1771,4,3.3905,0.6986,1.2845,459,"PW-4","Port Wrangell",9.1,226,2018
"382","91",72,2.9664,"I",0.0158,0.2438,6,3.4894,0.6626,1.2131,459,"PW-4","Port Wrangell",9.1,226,2018
"383","91",59,1.5637,"I",0.0052,0.0408,3,2.0537,0.6789,1.2328,459,"PW-4","Port Wrangell",9.1,226,2018
"384","91",56,1.1903,"I",0.001,0.0446,4,0.547,0.5636,1.0409,459,"PW-4","Port Wrangell",9.1,226,2018
"385","91",53,1.0748,"I",0.0043,0.0316,4,2.5565,0.6142,1.1298,459,"PW-4","Port Wrangell",9.1,226,2018
"386","90",77,3.5514,"I",0.0178,0.1699,4,3.1152,0.6967,1.2516,263,"PW-1","Port Wrangell",7.5,226,2018
"387","90",77,3.4644,"I",0.0229,0.2247,5,4.3037,0.6569,1.1655,263,"PW-1","Port Wrangell",7.5,226,2018
"388","90",76,3.3542,"I",0.0146,0.146,5,2.7057,0.6777,1.2292,263,"PW-1","Port Wrangell",7.5,226,2018
"389","90",78,3.9474,"I",0.0267,0.2221,5,4.5908,0.6978,1.2256,263,"PW-1","Port Wrangell",7.5,226,2018
"390","90",55,1.3212,"I",0.0043,0.0536,4,2.1794,0.6499,1.1859,263,"PW-1","Port Wrangell",7.5,226,2018
"391","90",75,2.9685,"I",0.0124,0.1825,5,2.5415,0.6054,1.1565,263,"PW-1","Port Wrangell",7.5,226,2018
"392","90",75,3.0027,"I",0.0194,0.1836,6,4.0928,0.5993,1.1236,263,"PW-1","Port Wrangell",7.5,226,2018
"393","90",80,3.4639,"I",0.0101,0.1711,5,1.7807,0.5794,1.1078,263,"PW-1","Port Wrangell",7.5,226,2018
"394","90",64,1.8142,"I",0.0108,0.0755,4,3.606,0.5897,1.1425,263,"PW-1","Port Wrangell",7.5,226,2018
"395","91",53,1.0054,"I",0.0022,0.0458,4,1.2724,0.5844,1.1614,459,"PW-4","Port Wrangell",9.1,226,2018
"396","91",53,0.9266,"I",0.0013,0.0342,4,0.7941,0.5474,1.0996,459,"PW-4","Port Wrangell",9.1,226,2018
"397","89",64,2.1656,"I",0.0217,0.076,4,6.216,0.7267,1.3317,29,"PW-2","Port Wrangell",8,226,2018
"398","89",61,1.5739,"I",0.0193,0.0921,4,7.6074,0.6198,1.1177,29,"PW-2","Port Wrangell",8,226,2018
"399","89",70,2.4105,"I",0.0157,0.1281,4,4.1132,0.6112,1.1128,29,"PW-2","Port Wrangell",8,226,2018
"400","89",62,1.7911,"I",0.0127,0.0513,3,4.2489,0.7005,1.2542,29,"PW-2","Port Wrangell",8,226,2018
"401","89",67,2.3654,"I",0.0213,0.0652,4,5.5906,0.7072,1.2668,29,"PW-2","Port Wrangell",8,226,2018
"402","90",80,4.0251,"I",0.0297,0.1508,5,4.7188,0.6854,1.2293,263,"PW-1","Port Wrangell",7.5,226,2018
"403","90",54,1.1089,"I",0.0114,0.0331,4,6.1655,0.6028,1.1742,263,"PW-1","Port Wrangell",7.5,226,2018
"404","90",60,1.6811,"I",0.0109,0.0552,5,4.087,0.6923,1.2347,263,"PW-1","Port Wrangell",7.5,226,2018
"405","90",66,2.3004,"I",0.0261,0.0766,4,7.2379,0.6959,1.2543,263,"PW-1","Port Wrangell",7.5,226,2018
"406","94",64,1.8771,"I",0.0079,0.0708,4,2.7925,0.6191,1.0792,11,"AG-4","Agripina",8.4,227,2018
"407","94",60,1.6876,"I",0.0135,0.063,4,5.1724,0.6886,1.2083,11,"AG-4","Agripina",8.4,227,2018
"408","94",65,2.2143,"I",0.0095,0.0846,5,2.6514,0.714,1.3047,11,"AG-4","Agripina",8.4,227,2018
"409","94",66,2.1532,"I",0.0196,0.0814,5,5.9665,0.6457,1.1426,11,"AG-4","Agripina",8.4,227,2018
"410","94",52,1.1475,"I",0.0088,0.046,4,5.1613,0.7017,1.2126,11,"AG-4","Agripina",8.4,227,2018
"411","96",99,9.0602,"F",0.0931,1.1002,6,6.9801,0.7477,1.3746,590,"AG-5","Agripina",9.4,227,2018
"412","96",72,2.9411,"I",0.0311,0.1373,5,6.4563,0.6807,1.2906,590,"AG-5","Agripina",9.4,227,2018
"413","96",75,2.9883,"I",0.0158,0.1116,5,3.1443,0.6294,1.1911,590,"AG-5","Agripina",9.4,227,2018
"414","96",52,1.4304,"I",0.0054,0.0431,3,2.2068,0.8847,1.7403,590,"AG-5","Agripina",9.4,227,2018
"415","96",55,1.2701,"I",0.0097,0.0517,4,4.8115,0.6356,1.2117,590,"AG-5","Agripina",9.4,227,2018
"416","96",69,2.2899,"I",0.0097,0.0803,5,2.6402,0.6045,1.1184,590,"AG-5","Agripina",9.4,227,2018
"417","96",65,1.9742,"I",0.0161,0.0077,5,4.8348,0.6281,1.2126,590,"AG-5","Agripina",9.4,227,2018
"418","96",52,1.0694,"I",0.0151,0.0517,4,8.7995,0.6212,1.2204,590,"AG-5","Agripina",9.4,227,2018
"419","95",68,2.3032,"I",0.023,0.0602,4,6.2517,0.6411,1.17,278,"AG-3","Agripina",9.4,227,2018
"420","95",68,2.3503,"I",0.0218,0.0698,3,5.7825,0.6508,1.199,278,"AG-3","Agripina",9.4,227,2018
"421","95",67,2.1422,"I",0.0121,0.0893,4,3.626,0.6292,1.1095,278,"AG-3","Agripina",9.4,227,2018
"422","95",64,1.9536,"I",0.0192,0.0564,3,6.1736,0.6517,1.1864,278,"AG-3","Agripina",9.4,227,2018
"423","95",74,2.7617,"I",0.0297,0.1037,4,6.8655,0.5831,1.0676,278,"AG-3","Agripina",9.4,227,2018
"424","95",61,1.7793,"I",0.0168,0.0807,5,6.8937,0.6118,1.0737,278,"AG-3","Agripina",9.4,227,2018
"425","95",57,1.5106,"I",0.009,0.0654,5,4.0323,0.6734,1.2052,278,"AG-3","Agripina",9.4,227,2018
"426","95",63,1.8121,"I",0.0064,0.0594,4,2.2841,0.63,1.1206,278,"AG-3","Agripina",9.4,227,2018
"427","95",56,1.3379,"I",0.0067,0.0413,4,3.3534,0.6234,1.1377,278,"AG-3","Agripina",9.4,227,2018
"428","95",63,1.8575,"I",0.0075,0.0612,4,2.6325,0.6451,1.1394,278,"AG-3","Agripina",9.4,227,2018
"429","95",62,1.8501,"I",0.0127,0.069,4,4.2461,0.6773,1.255,278,"AG-3","Agripina",9.4,227,2018
"430","95",60,1.6366,"I",0.0053,0.0545,4,2.0752,0.6757,1.1824,278,"AG-3","Agripina",9.4,227,2018
"431","99",87,5.1761,"I",0.0185,0.2848,6,2.2058,0.694,1.2736,62,"RR-4","Rodman Reach",12.4,229,2018
"432","99",58,1.5664,"I",0.0178,0.0531,3,7.4384,0.6632,1.2265,62,"RR-4","Rodman Reach",12.4,229,2018
"433","99",79,3.6633,"I",0.0132,0.1211,4,2.1349,0.6611,1.2541,62,"RR-4","Rodman Reach",12.4,229,2018
"434","99",60,1.6722,"I",0.0057,0.0826,5,2.211,0.619,1.1935,62,"RR-4","Rodman Reach",12.4,229,2018
"435","99",65,1.9089,"I",0.008,0.0857,5,2.4899,0.6043,1.17,62,"RR-4","Rodman Reach",12.4,229,2018
"436","99",63,1.7548,"I",0.0151,0.0779,4,4.8788,0.6023,1.2378,62,"RR-4","Rodman Reach",12.4,229,2018
"437","99",72,2.8423,"I",0.0202,0.2012,6,4.4959,0.6209,1.2038,62,"RR-4","Rodman Reach",12.4,229,2018
"438","99",64,1.8604,"I",0.0034,0.0793,4,1.0533,0.6119,1.2314,62,"RR-4","Rodman Reach",12.4,229,2018
"439","99",64,1.898,"I",0.0061,0.0781,5,1.9279,0.6227,1.207,62,"RR-4","Rodman Reach",12.4,229,2018
"440","99",57,1.5068,"I",0.0037,0.0766,5,1.4806,0.6866,1.3494,62,"RR-4","Rodman Reach",12.4,229,2018
"441","99",54,1.1224,"I",0.0034,0.0667,5,1.7951,0.5905,1.2028,62,"RR-4","Rodman Reach",12.4,229,2018
"442","99",55,1.2119,"I",0.003,0.078,6,1.506,0.5912,1.1973,62,"RR-4","Rodman Reach",12.4,229,2018
"443","99",99,7.4506,"F",0.0599,0.6568,6,5.0698,0.6561,1.2177,62,"RR-4","Rodman Reach",12.4,229,2018
"444","99",81,3.8917,"M",0.0254,0.1225,4,3.7803,0.6593,1.2643,62,"RR-4","Rodman Reach",12.4,229,2018
"445","99",81,3.976,"I",0.0187,0.1693,5,2.9343,0.641,1.1992,62,"RR-4","Rodman Reach",12.4,229,2018
"446","99",82,4.2202,"F",0.031,0.1745,5,4.5655,0.6628,1.2315,62,"RR-4","Rodman Reach",12.4,229,2018
"447","99",76,3.4176,"I",0.0402,0.1248,5,7.2747,0.6666,1.2588,62,"RR-4","Rodman Reach",12.4,229,2018
"448","99",72,2.7674,"I",0.0085,0.1071,5,1.871,0.6566,1.2172,62,"RR-4","Rodman Reach",12.4,229,2018
"449","99",54,1.1491,"I",0.0054,0.0677,5,2.9752,0.6158,1.1526,62,"RR-4","Rodman Reach",12.4,229,2018
"450","99",53,1.1053,"I",0.0041,0.0517,5,2.3229,0.6447,1.1855,62,"RR-4","Rodman Reach",12.4,229,2018
"451","101",88,5.7438,"I",0.0372,0.5709,6,4.5355,0.6751,1.2036,28,"RR-6","Rodman Reach",12.4,232,2018
"452","101",72,2.7499,"I",0.0076,0.0714,3,1.7572,0.646,1.1587,28,"RR-6","Rodman Reach",12.4,232,2018
"453","101",67,2.4218,"I",0.0229,0.0647,4,6.3984,0.6795,1.19,28,"RR-6","Rodman Reach",12.4,232,2018
"454","101",71,3.0196,"I",0.0198,0.0879,4,4.4405,0.7197,1.2458,28,"RR-6","Rodman Reach",12.4,232,2018
"455","101",65,2.1179,"I",0.0156,0.0634,4,4.8735,0.6546,1.1656,28,"RR-6","Rodman Reach",12.4,232,2018
"456","104",87,5.6194,"I",0.054,0.1685,4,6.0033,0.743,1.366,5,"Jap-4","Japanese",11.5,234,2018
"457","104",82,4.5901,"I",0.0424,0.1808,6,5.8298,0.707,1.3191,5,"Jap-4","Japanese",11.5,234,2018
"458","104",72,2.8691,"I",0.0238,0.1261,6,5.2667,0.6755,1.2107,5,"Jap-4","Japanese",11.5,234,2018
"459","104",78,3.8726,"I",0.0291,0.2654,5,4.8532,0.5519,1.2635,5,"Jap-4","Japanese",11.5,234,2018
"460","104",76,3.3362,"I",0.027,0.0959,4,4.9487,0.6697,1.2429,5,"Jap-4","Japanese",11.5,234,2018
"461","105",67,2.4656,"I",0.0215,0.066,4,5.2683,0.7478,1.3569,182,"Jap-1","Japanese",12,234,2018
"462","105",78,4.0734,"I",0.0392,0.1448,4,5.9385,0.7636,1.391,182,"Jap-1","Japanese",12,234,2018
"463","105",73,3.2513,"I",0.0481,0.0896,4,9.0465,0.7379,1.3668,182,"Jap-1","Japanese",12,234,2018
"464","105",64,1.9439,"I",0.016,0.0644,4,5.0489,0.6498,1.2089,182,"Jap-1","Japanese",12,234,2018
"465","105",79,4.1785,"I",0.0565,0.1703,5,8.6312,0.7198,1.3277,182,"Jap-1","Japanese",12,234,2018
"466","105",67,2.4962,"I",0.0086,0.0895,4,2.1789,0.7037,1.3123,182,"Jap-1","Japanese",12,234,2018
"467","105",75,3.1013,"I",0.0225,0.1123,5,4.4396,0.6273,1.2013,182,"Jap-1","Japanese",12,234,2018
"468","106",70,2.679,"I",0.0295,0.0731,4,7.0305,0.6813,1.2233,459,"Jap-6","Japanese",11.7,234,2018
"469","106",77,3.6763,"I",0.0412,0.1845,5,7.5555,0.67,1.1944,459,"Jap-6","Japanese",11.7,234,2018
"470","106",75,3.5045,"F",0.0337,0.1197,4,5.8885,0.7343,1.3566,459,"Jap-6","Japanese",11.7,234,2018
"471","106",65,1.9748,"I",0.0232,0.0743,4,7.2864,0.6262,1.1594,459,"Jap-6","Japanese",11.7,234,2018
"472","106",70,2.7002,"I",0.0213,0.1049,4,5.1599,0.6774,1.2035,459,"Jap-6","Japanese",11.7,234,2018
"473","106",73,3.3394,"I",0.0352,0.1045,5,6.7278,0.742,1.3449,459,"Jap-6","Japanese",11.7,234,2018
"474","106",65,2.5541,"I",0.0156,0.0961,5,3.8971,0.7844,1.4576,459,"Jap-6","Japanese",11.7,234,2018
"475","106",71,2.8207,"I",0.0264,0.0951,4,5.7106,0.6921,1.2917,459,"Jap-6","Japanese",11.7,234,2018
"476","105",92,6.8492,"M",0.0713,0.4437,5,6.7182,0.7371,1.3629,182,"Jap-1","Japanese",12,234,2018
"477","105",76,3.4731,"I",0.0306,0.1253,5,5.6447,0.6604,1.2349,182,"Jap-1","Japanese",12,234,2018
"478","105",77,3.3529,"I",0.0411,0.1261,5,7.621,0.6321,1.1813,182,"Jap-1","Japanese",12,234,2018
"479","105",63,1.8187,"I",0.0205,0.0551,4,6.7881,0.6354,1.2078,182,"Jap-1","Japanese",12,234,2018
"480","105",75,3.3794,"I",0.0219,0.1309,5,4.0638,0.6732,1.2774,182,"Jap-1","Japanese",12,234,2018
"481","111",75,3.9519,"I",0.0412,0.1693,4,6.6462,0.7767,1.4694,409,"Kai-2","Kaiugnak",10,236,2018
"482","111",82,4.6406,"I",0.0413,0.1979,5,5.6684,0.7015,1.3214,409,"Kai-2","Kaiugnak",10,236,2018
"483","111",74,3.196,"I",0.0289,0.0648,2,5.4849,0.6709,1.3003,409,"Kai-2","Kaiugnak",10,236,2018
"484","111",77,3.216,"I",0.009,0.0772,4,1.6152,0.6137,1.2205,409,"Kai-2","Kaiugnak",10,236,2018
"485","111",60,1.6348,"I",0.0166,0.0384,4,5.9734,0.6452,1.2866,409,"Kai-2","Kaiugnak",10,236,2018
"486","110",99,7.7223,"M",0.1094,0.3112,6,8.511,0.6998,1.3247,591,"Kai-1","Kaiugnak",9.8,236,2018
"487","110",80,4.173,"I",0.0231,0.1603,6,3.561,0.7064,1.267,591,"Kai-1","Kaiugnak",9.8,236,2018
"488","110",70,2.69,"I",0.0231,0.0713,5,5.3997,0.6851,1.2472,591,"Kai-1","Kaiugnak",9.8,236,2018
"489","110",75,3.2655,"I",0.0124,0.1051,4,2.3339,0.6944,1.2594,591,"Kai-1","Kaiugnak",9.8,236,2018
"490","110",79,3.8859,"I",0.0385,0.0905,4,6.1521,0.6779,1.2693,591,"Kai-1","Kaiugnak",9.8,236,2018
"491","110",75,2.9252,"I",0.0151,0.0717,3,2.9458,0.6248,1.2151,591,"Kai-1","Kaiugnak",9.8,236,2018
"492","110",65,1.9471,"I",0.0253,0.0593,3,7.5726,0.6273,1.2166,591,"Kai-1","Kaiugnak",9.8,236,2018
"493","110",68,2.8084,"I",0.0115,0.08,3,2.3948,0.8018,1.5272,591,"Kai-1","Kaiugnak",9.8,236,2018
"494","111",77,3.2526,"I",0.0347,0.0601,3,6.0527,0.6294,1.2558,409,"Kai-2","Kaiugnak",10,236,2018
"495","111",81,3.8012,"F",0.0384,0.1147,5,6.1886,0.6094,1.1676,409,"Kai-2","Kaiugnak",10,236,2018
"496","111",85,3.6718,"I",0.0208,0.1448,5,3.3783,0.5182,1.0026,409,"Kai-2","Kaiugnak",10,236,2018
"497","111",80,3.5132,"I",0.0157,0.0971,4,2.5865,0.6002,1.1855,409,"Kai-2","Kaiugnak",10,236,2018
"498","111",75,3.2307,"I",0.007,0.1173,4,1.3148,0.6607,1.262,409,"Kai-2","Kaiugnak",10,236,2018
"499","112",81,4.2209,"F",0.0595,0.1372,4,8.9246,0.6824,1.2545,91,"Kai-3","Kaiugnak",10,236,2018
"500","112",81,4.4379,"F",0.0411,0.1452,6,5.766,0.7344,1.3413,91,"Kai-3","Kaiugnak",10,236,2018
"501","112",73,2.778,"I",0.0345,0.0756,4,7.5608,0.6372,1.173,91,"Kai-3","Kaiugnak",10,236,2018
"502","112",77,3.5263,"F",0.0452,0.0951,4,7.8039,0.699,1.2687,91,"Kai-3","Kaiugnak",10,236,2018
"503","112",87,5.4779,"F",0.0656,0.1728,5,7.5126,0.7253,1.326,91,"Kai-3","Kaiugnak",10,236,2018
"504","112",78,3.6936,"I",0.0436,0.1709,5,7.2667,0.6722,1.2644,91,"Kai-3","Kaiugnak",10,236,2018
"505","112",68,2.7039,"I",0.0209,0.0798,4,4.8469,0.7523,1.3714,91,"Kai-3","Kaiugnak",10,236,2018
"506","117",78,3.6863,"F",0.0105,0.191,6,1.7168,0.6947,1.2888,53,NA,NA,NA,NA,NA
"507","117",112,11.9889,"F",0.068,0.4451,5,3.4274,0.7526,1.4122,53,NA,NA,NA,NA,NA
"508","117",73,2.9732,"F",0.0231,0.0914,5,4.9275,0.6589,1.2051,53,NA,NA,NA,NA,NA
"509","117",95,6.7929,"F",0.0605,0.2196,4,5.395,0.7008,1.3079,53,NA,NA,NA,NA,NA
"510","117",78,3.6717,"I",0.0157,0.1028,5,2.6861,0.6389,1.2317,53,NA,NA,NA,NA,NA
"511","119",82,4.5072,"I",0.0336,0.1185,4,4.5958,0.7196,1.326,65,"Kilu-1","Kiluida",11.6,238,2018
"512","119",82,4.4368,"F",0.0254,0.1494,4,3.5317,0.7051,1.3044,65,"Kilu-1","Kiluida",11.6,238,2018
"513","119",88,5.3444,"I",0.0519,0.2391,5,6.1268,0.6778,1.243,65,"Kilu-1","Kiluida",11.6,238,2018
"514","119",78,3.9492,"I",0.0241,0.1582,5,3.8758,0.7021,1.3103,65,"Kilu-1","Kiluida",11.6,238,2018
"515","119",79,4.044,"I",0.0155,0.1265,4,2.3824,0.7157,1.3196,65,"Kilu-1","Kiluida",11.6,238,2018
"516","119",85,4.3813,"I",0.0212,0.1492,5,2.8942,0.6234,1.1928,65,"Kilu-1","Kiluida",11.6,238,2018
"517","119",76,3.5987,"I",0.0333,0.1434,5,5.8024,0.6916,1.3074,65,"Kilu-1","Kiluida",11.6,238,2018
"518","119",73,3.1172,"I",0.0215,0.1171,5,4.3078,0.6748,1.283,65,"Kilu-1","Kiluida",11.6,238,2018
"519","121",81,3.9836,"I",0.033,0.1044,4,5.2273,0.6667,1.1879,94,"Kilu-8","Kiluida",12.2,238,2018
"520","121",82,3.9858,"F",0.0378,0.0916,4,5.6731,0.6582,1.2084,94,"Kilu-8","Kiluida",12.2,238,2018
"521","121",83,4.4643,"F",0.0267,0.1316,4,3.7119,0.671,1.258,94,"Kilu-8","Kiluida",12.2,238,2018
"522","121",79,4.046,"I",0.0309,0.1907,5,5,0.6948,1.2535,94,"Kilu-8","Kiluida",12.2,238,2018
"523","121",75,3.4526,"I",0.0188,0.1223,4,3.4706,0.7072,1.284,94,"Kilu-8","Kiluida",12.2,238,2018
"524","121",85,5.0152,"F",0.0439,0.1889,5,5.5945,0.7068,1.2778,94,"Kilu-8","Kiluida",12.2,238,2018
"525","121",78,3.7964,"M",0.024,0.1185,4,4.0816,0.6782,1.2391,94,"Kilu-8","Kiluida",12.2,238,2018
"526","121",84,4.9636,"F",0.0615,0.1918,5,7.8927,0.7238,1.3147,94,"Kilu-8","Kiluida",12.2,238,2018
"527","121",96,7.116,"F",0.0643,0.1918,5,5.6182,0.6816,1.2936,94,"Kilu-8","Kiluida",12.2,238,2018
"528","121",85,4.8904,"F",0.0337,0.1629,4,4.3172,0.689,1.2711,94,"Kilu-8","Kiluida",12.2,238,2018
"529","121",91,6.6081,"I",0.0693,0.3458,4,6.9349,0.726,1.3261,94,"Kilu-8","Kiluida",12.2,238,2018
"530","121",79,4.0263,"I",0.0418,0.1206,5,6.6486,0.6923,1.2752,94,"Kilu-8","Kiluida",12.2,238,2018
"531","129",121,15.05,"M",0.1394,0.543,6,5.6155,0.7583,1.4013,4,"Ugak-4","Ugak",12.4,240,2018
"532","129",139,28.51,"F",0.6659,1.775,6,14.3547,0.8978,1.7273,4,"Ugak-4","Ugak",12.4,240,2018
"533","130",111,12.33,"F",0.1964,0.5711,5,9.7931,0.7743,1.4664,3,"Ugak-8","Ugak",11.7,240,2018
"534","126",77,3.4293,"I",0.0269,0.1241,4,5.1721,0.6191,1.1392,1,"Ugak-2","Ugak",8.4,240,2018
"535","123",89,5.3343,"I",0.0355,0.179,4,3.8917,0.6825,1.294,1,"Ugak-5","Ugak",9.3,240,2018
"536","130",101,7.9677,"F",0.0332,0.2006,3,2.5756,0.6915,1.2511,3,"Ugak-8","Ugak",11.7,240,2018
"537","130",97,7.8312,"M",0.0446,0.3064,4,3.4719,0.7151,1.4075,3,"Ugak-8","Ugak",11.7,240,2018
"538","129",101,8.3123,"F",0.1002,0.276,3,7.19,0.7183,1.3526,4,"Ugak-4","Ugak",12.4,240,2018
"539","129",77,3.7516,"I",0.0251,0.1297,3,5.1183,0.6657,1.0742,4,"Ugak-4","Ugak",12.4,240,2018
"540","132",60,1.4517,"I",0.0045,0.0591,6,1.83,0.5644,1.1384,5,"AG-2","Agripina",12.6,188,2019
"541","132",60,1.4168,"I",0.0105,0.0385,6,4.4341,0.5242,1.0963,5,"AG-2","Agripina",12.6,188,2019
"542","131",68,2.2336,"I",0.0084,0.0898,6,2.292,0.5984,1.1656,2,"AG-1","Agripina",11.5,188,2019
"543","133",55,1.1918,"I",0.0069,0.0186,2,3.6585,0.5784,1.1336,31,"AG-5","Agripina",12.3,188,2019
"544","133",52,1.0456,"I",0.0012,0.031,4,0.6795,0.6268,1.256,31,"AG-5","Agripina",12.3,188,2019
"545","133",63,1.7805,"I",0.0074,0.0458,4,2.543,0.6112,1.1638,31,"AG-5","Agripina",12.3,188,2019
"546","133",45,0.6565,"I",0.0041,0.0183,4,3.9614,0.6072,1.1358,31,"AG-5","Agripina",12.3,188,2019
"547","133",50,0.7483,"I",0.0028,0.0179,4,2.0974,0.5299,1.068,31,"AG-5","Agripina",12.3,188,2019
"548","133",50,0.8338,"I",0.0042,0.0258,5,2.9936,0.5627,1.1224,31,"AG-5","Agripina",12.3,188,2019
"549","133",56,0.8627,"I",0.0033,0.0203,4,2.319,0.4223,0.8103,31,"AG-5","Agripina",12.3,188,2019
"550","133",50,0.7469,"I",0.0016,0.0213,5,1.2658,0.4996,1.0112,31,"AG-5","Agripina",12.3,188,2019
"551","131",56,1.0235,"I",0.0063,0.046,5,3.9203,0.4635,0.9151,2,"AG-1","Agripina",11.5,188,2019
"552","134",38,0.2389,"I",0.001,0.0061,4,2.2321,0.3648,0.8164,6,"AG-3","Agripina",12.1,188,2019
"553","134",43,0.4583,"I",0.0026,0.0093,4,3.4301,0.4914,0.9534,6,"AG-3","Agripina",12.1,188,2019
"554","132",47,0.6028,"I",0.0032,0.0297,5,3.0593,0.4872,1.0075,5,"AG-2","Agripina",12.6,188,2019
"555","132",43,0.3961,"I",0.0024,0.016,6,3.2043,0.4237,0.9421,5,"AG-2","Agripina",12.6,188,2019
"556","133",58,1.2269,"I",0.0052,0.038,5,2.4762,0.5413,1.0763,31,"AG-5","Agripina",12.3,188,2019
"557","133",35,0.2218,"I",0.0012,0.0064,2,2.9126,0.4387,0.9609,31,"AG-5","Agripina",12.3,188,2019
"558","133",52,0.978,"I",0.0035,0.0227,5,2.1685,0.6165,1.1479,31,"AG-5","Agripina",12.3,188,2019
"559","133",52,0.9607,"I",0.0029,0.0165,4,1.7726,0.6121,1.1635,31,"AG-5","Agripina",12.3,188,2019
"560","133",51,0.7241,"I",0.0032,0.0222,6,2.4335,0.4869,0.9913,31,"AG-5","Agripina",12.3,188,2019
"561","133",52,0.9356,"I",0.0028,0.0263,5,1.7949,0.584,1.1095,31,"AG-5","Agripina",12.3,188,2019
"562","133",45,0.5114,"I",0.0027,0.0121,4,2.9348,0.5082,1.0096,31,"AG-5","Agripina",12.3,188,2019
"563","133",57,1.1765,"I",0.0054,0.0155,3,2.5617,0.5639,1.1383,31,"AG-5","Agripina",12.3,188,2019
"564","133",53,0.7129,"I",0.0032,0.0257,4,2.4115,0.4204,0.8913,31,"AG-5","Agripina",12.3,188,2019
"565","138",49,0.7497,"I",0.0049,0.0328,5,3.7433,0.5374,1.1126,1,"PW-2","Port Wrangell",12.4,190,2019
"566","146",61,1.7351,"I",0.0194,0.0756,5,6.9015,0.6392,1.2384,1,"Mit-4","Mitrofania",14.3,193,2019
"567","145",46,0.7434,"I",0.0031,0.0577,6,2.8131,0.5828,1.1322,5,"Mit-6","Mitrofania",13.8,193,2019
"568","145",53,1.2957,"I",0.0192,0.0829,6,9.9792,0.7,1.2923,5,"Mit-6","Mitrofania",13.8,193,2019
"569","145",59,1.7228,"I",0.0233,0.1154,6,8.7135,0.6897,1.302,5,"Mit-6","Mitrofania",13.8,193,2019
"570","143",52,1.0809,"I",0.0027,0.0503,6,1.535,0.6308,1.251,44,"Mit-3","Mitrofania",13.2,193,2019
"571","143",62,1.8455,"I",0.0109,0.1011,6,3.6105,0.6465,1.2667,44,"Mit-3","Mitrofania",13.2,193,2019
"572","143",57,1.3561,"I",0.0095,0.0832,6,4.4289,0.6076,1.1583,44,"Mit-3","Mitrofania",13.2,193,2019
"573","143",58,1.5996,"I",0.0078,0.1129,6,2.9501,0.6859,1.3551,44,"Mit-3","Mitrofania",13.2,193,2019
"574","143",55,1.27,"I",0.0099,0.0812,6,5.0076,0.6242,1.1883,44,"Mit-3","Mitrofania",13.2,193,2019
"575","143",55,1.2622,"I",0.0062,0.0715,5,3.0632,0.633,1.2165,44,"Mit-3","Mitrofania",13.2,193,2019
"576","143",56,1.4163,"I",0.0037,0.0762,5,1.5935,0.674,1.3222,44,"Mit-3","Mitrofania",13.2,193,2019
"577","143",60,1.7033,"I",0.0088,0.0851,6,3.0791,0.6874,1.3231,44,"Mit-3","Mitrofania",13.2,193,2019
"578","143",57,1.4853,"I",0.0111,0.0775,6,4.6915,0.6849,1.2776,44,"Mit-3","Mitrofania",13.2,193,2019
"579","143",57,1.4031,"I",0.0062,0.0621,5,2.7074,0.6656,1.2365,44,"Mit-3","Mitrofania",13.2,193,2019
"580","143",62,1.902,"I",0.0097,0.0672,6,3.172,0.6871,1.2831,44,"Mit-3","Mitrofania",13.2,193,2019
"581","143",55,1.2801,"I",0.006,0.049,5,2.849,0.6656,1.2658,44,"Mit-3","Mitrofania",13.2,193,2019
"582","143",52,1.0091,"I",0.0064,0.0465,5,4.129,0.5717,1.1024,44,"Mit-3","Mitrofania",13.2,193,2019
"583","143",53,1.4515,"I",0.0032,0.0702,6,1.3367,0.82,1.608,44,"Mit-3","Mitrofania",13.2,193,2019
"584","143",60,1.6894,"I",0.0117,0.058,4,4.0583,0.6856,1.3347,44,"Mit-3","Mitrofania",13.2,193,2019
"585","143",52,1.1054,"I",0.0024,0.0599,5,1.3122,0.6632,1.3008,44,"Mit-3","Mitrofania",13.2,193,2019
"586","143",53,1.3226,"I",0.0127,0.0771,6,5.9263,0.7446,1.4394,44,"Mit-3","Mitrofania",13.2,193,2019
"587","143",56,1.4661,"I",0.0069,0.0893,6,2.8798,0.6986,1.3643,44,"Mit-3","Mitrofania",13.2,193,2019
"588","143",56,1.3785,"I",0.0097,0.0692,5,4.4907,0.6452,1.23,44,"Mit-3","Mitrofania",13.2,193,2019
"589","143",52,0.9215,"I",0.0053,0.0394,5,3.4914,0.5283,1.0796,44,"Mit-3","Mitrofania",13.2,193,2019
"590","143",59,1.3894,"I",0.0134,0.0707,6,5.9476,0.5895,1.097,44,"Mit-3","Mitrofania",13.2,193,2019
"591","152",59,1.4749,"I",0.0085,0.0397,3,3.4722,0.6465,1.1919,3,"BB-2","Balboa",13.3,198,2019
"592","152",47,0.7647,"I",0.0057,0.0273,3,4.5418,0.6496,1.2088,3,"BB-2","Balboa",13.3,198,2019
"593","152",43,0.6503,"I",0.008,0.0211,3,8.2988,0.6404,1.2125,3,"BB-2","Balboa",13.3,198,2019
"594","154",51,1.0286,"I",0.0153,0.0324,3,8.6441,0.6758,1.3343,2,"BB-4","Balboa",13.6,198,2019
"595","154",51,1.0696,"I",0.0055,0.0525,4,3.2564,0.6886,1.2733,2,"BB-4","Balboa",13.6,198,2019
"596","158",63,1.951,"I",0.0155,0.1016,6,4.784,0.6632,1.2958,7,"Sand-2","Sand Point",11.8,202,2019
"597","158",61,1.7893,"I",0.0196,0.0951,6,6.7146,0.6609,1.286,7,"Sand-2","Sand Point",11.8,202,2019
"598","158",61,1.7555,"I",0.017,0.0802,5,5.6273,0.6682,1.3309,7,"Sand-2","Sand Point",11.8,202,2019
"599","158",56,1.2568,"I",0.0137,0.0675,6,6.5021,0.6182,1.1998,7,"Sand-2","Sand Point",11.8,202,2019
"600","158",52,0.9929,"I",0.0065,0.0436,4,3.9251,0.5934,1.1777,7,"Sand-2","Sand Point",11.8,202,2019
"601","158",60,1.4569,"I",0.0113,0.0711,4,4.5954,0.582,1.1384,7,"Sand-2","Sand Point",11.8,202,2019
"602","158",45,0.7278,"I",0.0074,0.0575,6,6.4292,0.6509,1.2631,7,"Sand-2","Sand Point",11.8,202,2019
"603","158",53,1.1692,"I",0.013,0.0879,6,6.9002,0.6375,1.2655,7,"Sand-2","Sand Point",11.8,202,2019
"604","162",36,0.3049,"I",0.0012,0.0098,6,2.3622,0.5646,1.0888,5,"Fal-3","Falmouth",10.8,204,2019
"605","162",59,1.549,"I",0.0142,0.0576,5,5.573,0.6488,1.2406,5,"Fal-3","Falmouth",10.8,204,2019
"606","162",63,1.7588,"I",0.0076,0.0687,5,2.5754,0.6281,1.1802,5,"Fal-3","Falmouth",10.8,204,2019
"607","162",53,1.4513,"I",0.0061,0.0981,6,2.6626,0.8285,1.5389,5,"Fal-3","Falmouth",10.8,204,2019
"608","162",67,2.2849,"I",0.0111,0.1098,4,2.9365,0.6647,1.2568,5,"Fal-3","Falmouth",10.8,204,2019
"609","186",70,2.4982,"I",0.0063,0.1409,6,1.513,0.6169,1.214,71,"Kai-3","Kaiugnak",11.9,219,2019
"610","186",68,2.081,"I",0.0286,0.133,6,8.5348,0.5537,1.0657,71,"Kai-3","Kaiugnak",11.9,219,2019
"611","186",65,2.1692,"I",0.0209,0.1587,7,5.726,0.6739,1.3291,71,"Kai-3","Kaiugnak",11.9,219,2019
"612","186",65,2.843,"I",0.0276,0.113,6,5.7862,0.8899,1.7369,71,"Kai-3","Kaiugnak",11.9,219,2019
"613","186",84,4.5098,"I",0.0337,0.4282,6,4.4862,0.6304,1.2674,71,"Kai-3","Kaiugnak",11.9,219,2019
"614","186",60,1.6727,"I",0.0205,0.1366,6,7.7858,0.6347,1.219,71,"Kai-3","Kaiugnak",11.9,219,2019
"615","186",64,2.1547,"I",0.0118,0.1223,6,3.3268,0.6996,1.3531,71,"Kai-3","Kaiugnak",11.9,219,2019
"616","186",71,2.785,"I",0.0169,0.1042,6,3.4752,0.6909,1.3587,71,"Kai-3","Kaiugnak",11.9,219,2019
"617","186",80,4.0142,"I",0.0365,0.2303,6,5.4299,0.6717,1.3129,71,"Kai-3","Kaiugnak",11.9,219,2019
"618","186",70,2.3314,"I",0.0292,0.0801,6,6.9425,0.5953,1.2262,71,"Kai-3","Kaiugnak",11.9,219,2019
"619","186",67,2.3016,"I",0.0339,0.1875,6,8.947,0.6428,1.2598,71,"Kai-3","Kaiugnak",11.9,219,2019
"620","187",89,5.7793,"I",0.044,0.3211,6,4.7322,0.6985,1.3189,5,"Kai-6","Kaiugnak",11.9,220,2019
"621","187",80,4.4454,"",0.045,0.2294,6,6.5057,0.7338,1.351,5,"Kai-6","Kaiugnak",11.9,220,2019
"622","187",69,2.6828,"I",0.0291,0.1132,6,6.9253,0.7038,1.2791,5,"Kai-6","Kaiugnak",11.9,220,2019
"623","187",63,1.9467,"I",0.0194,0.0843,5,6.4196,0.6588,1.2086,5,"Kai-6","Kaiugnak",11.9,220,2019
"624","187",76,3.803,"I",0.0172,0.2001,6,2.8869,0.7333,1.3572,5,"Kai-6","Kaiugnak",11.9,220,2019
"625","186",71,2.6879,"I",0.0241,0.0765,4,5.1027,0.6671,1.3196,71,"Kai-3","Kaiugnak",11.9,219,2019
"626","186",61,1.5646,"I",0.0148,0.07,4,5.5183,0.5921,1.1816,71,"Kai-3","Kaiugnak",11.9,219,2019
"627","185",79,4.2877,"I",0.0433,0.2166,4,6.0909,0.7482,1.4419,32,"Kai-2","Kaiugnak",10.7,219,2019
"628","185",81,4.5004,"I",0.0322,0.1737,4,4.2329,0.7372,1.4314,32,"Kai-2","Kaiugnak",10.7,219,2019
"629","185",66,2.2733,"I",0.0457,0.118,5,12.0676,0.6715,1.3172,32,"Kai-2","Kaiugnak",10.7,219,2019
"630","185",63,1.8776,"I",0.0223,0.0852,4,7.2238,0.627,1.2346,32,"Kai-2","Kaiugnak",10.7,219,2019
"631","185",69,2.8122,"I",0.042,0.1636,6,9.1047,0.7269,1.4042,32,"Kai-2","Kaiugnak",10.7,219,2019
"632","185",76,3.4281,"I",0.0324,0.151,4,5.5083,0.693,1.3399,32,"Kai-2","Kaiugnak",10.7,219,2019
"633","185",66,2.2159,"I",0.028,0.0977,5,7.2652,0.6736,1.3405,32,"Kai-2","Kaiugnak",10.7,219,2019
"634","176",51,0.8372,"I",0.0114,0.0162,3,7.7975,0.5369,1.1021,1,"RR-2","Rodman Reach",13.3,212,2019
"635","171",72,3.149,"I",0.0224,0.2492,6,4.4604,0.6919,1.3455,3,"RR-3","Rodman Reach",13.4,212,2019
"636","171",64,1.9873,"I",0.0216,0.0787,5,6.4228,0.6565,1.2829,3,"RR-3","Rodman Reach",13.4,212,2019
"637","171",65,2.0672,"I",0.013,0.0706,5,3.6754,0.6507,1.2879,3,"RR-3","Rodman Reach",13.4,212,2019
"638","174",60,1.6937,"I",0.0124,0.0524,3,4.1375,0.6907,1.3875,8,"RR-4","Rodman Reach",14.9,212,2019
"639","174",77,3.2534,"I",0.0148,0.1916,6,2.7316,0.6126,1.1868,8,"RR-4","Rodman Reach",14.9,212,2019
"640","174",55,1.3477,"I",0.0076,0.0557,5,3.6364,0.6867,1.2562,8,"RR-4","Rodman Reach",14.9,212,2019
"641","174",71,2.4741,"I",0.0192,0.0654,5,4.3243,0.6387,1.2405,8,"RR-4","Rodman Reach",14.9,212,2019
"642","174",77,3.5488,"I",0.0107,0.2599,6,1.8379,0.6517,1.2753,8,"RR-4","Rodman Reach",14.9,212,2019
"643","174",65,2.123,"I",0.0096,0.0606,4,2.5263,0.694,1.3837,8,"RR-4","Rodman Reach",14.9,212,2019
"644","174",65,1.8777,"I",0.0167,0.0469,4,4.9031,0.6332,1.2402,8,"RR-4","Rodman Reach",14.9,212,2019
"645","174",61,1.6747,"I",0.007,0.0472,3,2.4735,0.644,1.2468,8,"RR-4","Rodman Reach",14.9,212,2019
"646","182",83,4.3579,"I",0.0484,0.1126,5,6.5405,0.678,1.2942,2,"Jap-5","Japanese",13.8,218,2019
"647","182",87,4.5367,"I",0.0111,0.1099,6,1.3894,0.6176,1.2132,2,"Jap-5","Japanese",13.8,218,2019
"648","203",48,0.5961,"I",0.0072,0.0291,5,6.8768,0.4397,0.9467,16,"Laminaria North","Cooks",10.8,184,2020
"649","203",65,1.6432,"I",1.6432,0.0783,6,7.57,0.4726,0.9518,16,"Laminaria North","Cooks",10.8,184,2020
"650","203",50,0.7189,"I",0.0064,0.0376,6,4.8229,0.4761,1.0616,16,"Laminaria North","Cooks",10.8,184,2020
"651","203",61,1.4654,"I",0.0158,0.086,5,6.5316,0.4929,1.0657,16,"Laminaria North","Cooks",10.8,184,2020
"652","203",61,1.8129,"I",0.0122,0.0752,5,3.8657,0.669,1.3904,16,"Laminaria North","Cooks",10.8,184,2020
"653","203",53,0.9917,"I",0.008,0.0476,6,4.6921,0.5141,1.1452,16,"Laminaria North","Cooks",10.8,184,2020
"654","203",54,0.9594,"I",0.0064,0.0438,4,3.8232,0.4771,1.0631,16,"Laminaria North","Cooks",10.8,184,2020
"655","203",55,1.0575,"I",0.0116,0.0445,6,6.3112,0.489,1.1047,16,"Laminaria North","Cooks",10.8,184,2020
"656","203",55,1.0197,"I",0.072,0.0704,6,39.7132,0.4792,1.0897,16,"Laminaria North","Cooks",10.8,184,2020
"657","203",58,1.1809,"I",0.0054,0.0783,6,2.5376,0.4782,1.0907,16,"Laminaria North","Cooks",10.8,184,2020
"658","203",52,0.8218,"I",0.0065,0.0356,6,4.4674,0.4537,1.0348,16,"Laminaria North","Cooks",10.8,184,2020
"659","204",54,1.1969,"I",0.011,0.0594,6,5.3038,0.6368,1.3171,212,"Eelgrass West","Cooks",10.6,184,2020
"660","204",60,1.6007,"I",0.0183,0.0804,6,6.9344,0.6148,1.2218,212,"Eelgrass West","Cooks",10.6,184,2020
"661","204",57,1.2934,"I",0.0159,0.0485,5,7.2503,0.5775,1.1842,212,"Eelgrass West","Cooks",10.6,184,2020
"662","204",59,1.6184,"I",0.0248,0.1941,7,9.853,0.589,1.2255,212,"Eelgrass West","Cooks",10.6,184,2020
"663","204",58,1.5912,"I",0.0192,0.2265,7,8.074,0.5973,1.2188,212,"Eelgrass West","Cooks",10.6,184,2020
"664","204",53,1.1466,"I",0.0104,0.1082,6,5.6156,0.591,1.244,212,"Eelgrass West","Cooks",10.6,184,2020
"665","204",57,1.4434,"I",0.0181,0.071,6,7.4089,0.6518,1.3192,212,"Eelgrass West","Cooks",10.6,184,2020
"666","204",58,1.3645,"I",0.0118,0.0742,6,5.0687,0.5844,1.1932,212,"Eelgrass West","Cooks",10.6,184,2020
"667","204",62,1.727,"I",0.0182,0.0803,5,6.4107,0.6069,1.1912,212,"Eelgrass West","Cooks",10.6,184,2020
"668","204",55,1.3596,"I",0.0177,0.137,6,8.4406,0.6246,1.2604,212,"Eelgrass West","Cooks",10.6,184,2020
"669","204",64,2.127,"I",0.0161,0.2512,7,4.8175,0.6229,1.2749,212,"Eelgrass West","Cooks",10.6,184,2020
"670","204",60,1.7458,"I",0.0132,0.157,6,4.6892,0.6417,1.3032,212,"Eelgrass West","Cooks",10.6,184,2020
"671","204",66,2.3282,"I",0.0285,0.2042,6,7.5798,0.6429,1.3078,212,"Eelgrass West","Cooks",10.6,184,2020
"672","204",68,2.7062,"I",0.0318,0.2263,6,7.206,0.6908,1.4035,212,"Eelgrass West","Cooks",10.6,184,2020
"673","211",61,1.8506,"I",0.0186,0.0772,4,6.5172,0.7049,1.2574,59,"AG-4","Agripina",12.1,188,2020
"674","211",57,1.4188,"I",0.0105,0.0785,6,4.8815,0.6533,1.1615,59,"AG-4","Agripina",12.1,188,2020
"675","211",62,1.9919,"I",0.0178,0.0791,4,5.8668,0.7112,1.273,59,"AG-4","Agripina",12.1,188,2020
"676","211",52,1.1586,"I",0.0128,0.0563,5,7.033,0.7307,1.2944,59,"AG-4","Agripina",12.1,188,2020
"677","211",53,1.2244,"I",0.005,0.0482,5,2.8802,0.6458,1.1661,59,"AG-4","Agripina",12.1,188,2020
"678","211",55,1.4129,"I",0.011,0.0658,5,5.1402,0.7155,1.2863,59,"AG-4","Agripina",12.1,188,2020
"679","211",55,1.56,"I",0.0114,0.0624,4,4.8223,0.7761,1.4209,59,"AG-4","Agripina",12.1,188,2020
"680","211",54,1.2571,"I",0.0098,0.0487,4,5.4024,0.6631,1.152,59,"AG-4","Agripina",12.1,188,2020
"681","211",55,1.2374,"I",0.0068,0.0536,5,3.3333,0.6413,1.2261,59,"AG-4","Agripina",12.1,188,2020
"682","211",57,1.4108,"I",0.019,0.0615,4,8.7882,0.6539,1.1674,59,"AG-4","Agripina",12.1,188,2020
"683","211",61,2.0546,"I",0.0205,0.2215,6,6.847,0.7348,1.3191,59,"AG-4","Agripina",12.1,188,2020
"684","211",48,0.8291,"I",0.0111,0.0485,5,8.8376,0.6228,1.1357,59,"AG-4","Agripina",12.1,188,2020
"685","211",38,0.4093,"I",0.0057,0.0186,5,9.4527,0.603,1.0989,59,"AG-4","Agripina",12.1,188,2020
"686","211",57,1.521,"I",0.0258,0.0656,5,10.8999,0.7046,1.2781,59,"AG-4","Agripina",12.1,188,2020
"687","211",57,1.4458,"I",0.0081,0.0523,4,3.6032,0.673,1.2139,59,"AG-4","Agripina",12.1,188,2020
"688","211",46,0.8444,"I",0.0033,0.0442,5,2.6149,0.7119,1.2965,59,"AG-4","Agripina",12.1,188,2020
"689","209",53,1.1869,"I",0.0087,0.0565,5,4.7515,0.6628,1.2299,615,"AG-5","Agripina",12,188,2020
"690","209",54,1.2561,"I",0.0151,0.0566,4,7.5879,0.6747,1.2638,615,"AG-5","Agripina",12,188,2020
"691","209",58,1.4532,"I",0.0074,0.0752,5,3.3805,0.6167,1.1219,615,"AG-5","Agripina",12,188,2020
"692","209",56,1.2806,"I",0.0068,0.0568,5,3.3848,0.6317,1.144,615,"AG-5","Agripina",12,188,2020
"693","209",47,0.8109,"I",0.0138,0.0391,5,11.7447,0.6277,1.1317,615,"AG-5","Agripina",12,188,2020
"694","209",58,1.4042,"I",0.0145,0.0858,6,6.988,0.5863,1.0635,615,"AG-5","Agripina",12,188,2020
"695","209",49,0.9529,"I",0.0035,0.0447,5,2.4272,0.6477,1.2257,615,"AG-5","Agripina",12,188,2020
"696","209",56,1.3577,"I",0.0097,0.0785,6,4.4414,0.6515,1.2436,615,"AG-5","Agripina",12,188,2020
"697","209",52,1.1212,"I",0.0128,0.0528,4,7.4419,0.6627,1.2233,615,"AG-5","Agripina",12,188,2020
"698","215",55,1.3662,"I",0.0294,0.0424,4,13.8483,0.7099,1.276,1122,"PW-3","Port Wrangell",9,190,2020
"699","215",55,1.3227,"I",0.0124,0.0587,5,6.0874,0.6853,1.2243,1122,"PW-3","Port Wrangell",9,190,2020
"700","215",49,0.9213,"I",0.0163,0.0329,4,11.6014,0.6747,1.1942,1122,"PW-3","Port Wrangell",9,190,2020
"701","215",49,0.8737,"I",0.013,0.0268,4,9.5378,0.6355,1.1585,1122,"PW-3","Port Wrangell",9,190,2020
"702","215",53,1.1717,"I",0.0191,0.0388,4,10.2965,0.6779,1.246,1122,"PW-3","Port Wrangell",9,190,2020
"703","215",56,1.4448,"I",0.0261,0.0594,5,11.5897,0.6937,1.2823,1122,"PW-3","Port Wrangell",9,190,2020
"704","215",51,1.0143,"I",0.0122,0.039,5,7.5589,0.6612,1.2167,1122,"PW-3","Port Wrangell",9,190,2020
"705","215",45,0.6617,"I",0.0051,0.0202,3,4.7575,0.6216,1.1764,1122,"PW-3","Port Wrangell",9,190,2020
"706","215",51,1.0704,"I",0.0139,0.0326,4,8.3433,0.6922,1.2559,1122,"PW-3","Port Wrangell",9,190,2020
"707","215",51,1.0659,"I",0.0087,0.0449,4,5.397,0.6912,1.2152,1122,"PW-3","Port Wrangell",9,190,2020
"708","214",58,1.694,"I",0.0242,0.0562,5,8.8742,0.7538,1.3977,2076,"PW-2","Port Wrangell",8.8,190,2020
"709","214",53,1.1512,"I",0.0129,0.0542,5,7.2067,0.6629,1.2023,2076,"PW-2","Port Wrangell",8.8,190,2020
"710","214",52,1.0695,"I",0.0142,0.0458,4,8.6375,0.6372,1.1692,2076,"PW-2","Port Wrangell",8.8,190,2020
"711","214",64,2.3789,"I",0.0166,0.1596,6,4.5958,0.7592,1.3779,2076,"PW-2","Port Wrangell",8.8,190,2020
"712","214",49,0.9841,"I",0.012,0.0362,5,7.7821,0.7097,1.3107,2076,"PW-2","Port Wrangell",8.8,190,2020
"713","214",58,1.4739,"I",0.0162,0.1191,6,7.1209,0.6209,1.166,2076,"PW-2","Port Wrangell",8.8,190,2020
"714","214",65,2.2368,"I",0.016,0.0759,4,4.4077,0.7169,1.3218,2076,"PW-2","Port Wrangell",8.8,190,2020
"715","214",55,1.3127,"I",0.0063,0.0622,5,3.0318,0.6725,1.249,2076,"PW-2","Port Wrangell",8.8,190,2020
"716","214",52,1.0553,"I",0.0068,0.0368,4,4.0452,0.6469,1.1955,2076,"PW-2","Port Wrangell",8.8,190,2020
"717","214",47,0.8622,"I",0.0089,0.0262,5,6.7018,0.7026,1.2791,2076,"PW-2","Port Wrangell",8.8,190,2020
"718","214",51,1.0842,"I",0.0126,0.0356,4,7.5089,0.6829,1.265,2076,"PW-2","Port Wrangell",8.8,190,2020
"719","214",50,0.9848,"I",0.0059,0.0258,4,4.0246,0.6508,1.1728,2076,"PW-2","Port Wrangell",8.8,190,2020
"720","214",55,1.3534,"I",0.0239,0.0551,5,12.0342,0.6627,1.1937,2076,"PW-2","Port Wrangell",8.8,190,2020
"721","214",48,0.876,"I",0.0046,0.0427,6,3.438,0.6538,1.2099,2076,"PW-2","Port Wrangell",8.8,190,2020
"722","214",57,1.3393,"I",0.0078,0.0509,5,3.531,0.6182,1.1928,2076,"PW-2","Port Wrangell",8.8,190,2020
"723","217",51,0.9918,"I",0.0169,0.0442,3,10.8822,0.5873,1.1707,93,"Mit-1","Mitrofania",12.3,194,2020
"724","217",53,1.2169,"I",0.0205,0.0604,6,10.8237,0.6398,1.2722,93,"Mit-1","Mitrofania",12.3,194,2020
"725","217",50,1.1496,"I",0.0153,0.0634,5,8.9421,0.697,1.3688,93,"Mit-1","Mitrofania",12.3,194,2020
"726","217",46,0.7571,"I",0.0123,0.0425,6,10.6218,0.5848,1.1897,93,"Mit-1","Mitrofania",12.3,194,2020
"727","217",40,0.4751,"I",0.009,0.0171,4,12.4654,0.563,1.1281,93,"Mit-1","Mitrofania",12.3,194,2020
"728","217",40,0.4598,"I",0.0043,0.0177,4,5.9229,0.5313,1.1344,93,"Mit-1","Mitrofania",12.3,194,2020
"729","217",39,0.3709,"I",0.0068,0.009,5,11.3145,0.4693,1.0132,93,"Mit-1","Mitrofania",12.3,194,2020
"730","217",38,0.3822,"I",0.0087,0.0151,5,14.1925,0.5278,1.1171,93,"Mit-1","Mitrofania",12.3,194,2020
"731","217",56,1.3177,"I",0.02,0.0698,6,9.6339,0.5724,1.1821,93,"Mit-1","Mitrofania",12.3,194,2020
"732","218",62,1.8594,"I",0.0265,0.0968,5,9.3146,0.621,1.1937,37,"Mit-2","Mitrofania",12.7,194,2020
"733","218",50,0.9627,"I",0.0215,0.0577,5,14.7059,0.5956,1.1696,37,"Mit-2","Mitrofania",12.7,194,2020
"734","218",44,0.6456,"I",0.0142,0.0388,6,14.0039,0.5768,1.1904,37,"Mit-2","Mitrofania",12.7,194,2020
"735","218",49,0.853,"I",0.0156,0.0424,6,10.8409,0.6037,1.2231,37,"Mit-2","Mitrofania",12.7,194,2020
"736","218",58,1.4508,"I",0.022,0.0498,5,9.0164,0.635,1.2506,37,"Mit-2","Mitrofania",12.7,194,2020
"737","219",53,1.1129,"I",0.017,0.0783,6,9.4444,0.6225,1.2091,143,"Mit-3","Mitrofania",12.5,194,2020
"738","219",44,0.5816,"I",0.0111,0.0317,6,10.8717,0.5744,1.1986,143,"Mit-3","Mitrofania",12.5,194,2020
"739","219",62,1.6047,"I",0.0146,0.0985,5,5.796,0.5405,1.0569,143,"Mit-3","Mitrofania",12.5,194,2020
"740","219",51,0.9228,"I",0.0162,0.06,4,10.6439,0.5376,1.1474,143,"Mit-3","Mitrofania",12.5,194,2020
"741","219",52,0.9579,"I",0.0136,0.0507,4,8.4735,0.5333,1.1415,143,"Mit-3","Mitrofania",12.5,194,2020
"742","219",48,0.7409,"I",0.0057,0.0508,6,4.5527,0.5294,1.1321,143,"Mit-3","Mitrofania",12.5,194,2020
"743","220",49,0.7246,"I",0.0064,0.0402,5,5.4376,0.5221,1.0004,29,"Mit-4","Mitrofania",13,194,2020
"744","220",52,0.8889,"I",0.0036,0.0445,5,2.2901,0.5344,1.118,29,"Mit-4","Mitrofania",13,194,2020
"745","222",44,0.5661,"I",0.0087,0.0214,3,8.631,0.5514,1.1833,10,"Mit-6","Mitrofania",13.4,194,2020
"746","222",51,0.9229,"I",0.0179,0.0486,4,11.9732,0.557,1.127,10,"Mit-6","Mitrofania",13.4,194,2020
"747","222",58,1.1196,"I",0.0165,0.0515,6,8.9286,0.4739,0.9471,10,"Mit-6","Mitrofania",13.4,194,2020
"748","224",51,1.0156,"I",0.0104,0.0566,6,6.6454,0.6254,1.1798,11,"Fox-2","Fox",13.5,196,2020
"749","224",60,1.6513,"I",0.0112,0.0704,4,4.0846,0.6692,1.2694,11,"Fox-2","Fox",13.5,196,2020
"750","224",56,1.3616,"I",0.0123,0.0529,4,5.4862,0.6563,1.2766,11,"Fox-2","Fox",13.5,196,2020
"751","224",49,0.8814,"I",0.0021,0.0286,4,1.5385,0.6224,1.1602,11,"Fox-2","Fox",13.5,196,2020
"752","224",36,0.3266,"I",0.0012,0.0144,5,2.7586,0.7004,0.9324,11,"Fox-2","Fox",13.5,196,2020
"753","223",48,0.9237,"I",0.0057,0.033,5,3.9832,0.7246,1.2939,5,"Fox-1","Fox",12.4,196,2020
"754","223",53,1.2581,"I",0.0112,0.0402,3,5.6,0.7447,1.3434,5,"Fox-1","Fox",12.4,196,2020
"755","223",49,0.9791,"I",0.0087,0.0432,4,5.7846,0.7224,1.2784,5,"Fox-1","Fox",12.4,196,2020
"756","223",48,0.8567,"I",0.0059,0.0296,4,4.6347,0.6557,1.1511,5,"Fox-1","Fox",12.4,196,2020
"757","223",57,1.4551,"I",0.0123,0.0566,3,5.4161,0.6812,1.2263,5,"Fox-1","Fox",12.4,196,2020
"758","224",48,0.8192,"I",0.0059,0.0502,6,4.4867,0.6357,1.1891,11,"Fox-2","Fox",13.5,196,2020
"759","224",52,1.0399,"I",0.0179,0.0756,6,10.9816,0.6127,1.1593,11,"Fox-2","Fox",13.5,196,2020
"760","224",41,0.5479,"I",0.0076,0.0228,4,8.6659,0.6538,1.2725,11,"Fox-2","Fox",13.5,196,2020
"761","224",45,0.7311,"I",0.006,0.0429,5,5.5096,0.6479,1.1951,11,"Fox-2","Fox",13.5,196,2020
"762","226",57,1.5962,"I",0.0167,0.1064,6,7.4058,0.7123,1.2176,5,"Fox-4","Fox",12.2,196,2020
"763","226",48,0.9398,"I",0.0082,0.043,4,5.7463,0.7238,1.2903,5,"Fox-4","Fox",12.2,196,2020
"764","226",48,0.8825,"I",0.0073,0.0481,5,5.6327,0.675,1.1719,5,"Fox-4","Fox",12.2,196,2020
"765","226",51,1.0139,"I",0.0049,0.0451,5,3.2279,0.6357,1.1444,5,"Fox-4","Fox",12.2,196,2020
"766","226",47,0.819,"I",0.006,0.0663,6,5.1326,0.6521,1.126,5,"Fox-4","Fox",12.2,196,2020
"767","225",43,0.6144,"I",0.0058,0.0298,5,6.4373,0.63,1.1332,17,"Fox-3","Fox",13.1,196,2020
"768","225",47,0.8169,"I",0.0103,0.0376,4,8.1487,0.6708,1.2175,17,"Fox-3","Fox",13.1,196,2020
"769","225",48,0.8629,"I",0.0088,0.0435,5,6.7124,0.6795,1.1854,17,"Fox-3","Fox",13.1,196,2020
"770","225",49,0.9884,"I",0.0093,0.053,5,6.2166,0.6955,1.2716,17,"Fox-3","Fox",13.1,196,2020
"771","225",49,0.8561,"I",0.0124,0.0384,4,8.966,0.6361,1.1755,17,"Fox-3","Fox",13.1,196,2020
"772","225",43,0.577,"I",0.0079,0.0289,4,9.5066,0.5786,1.0452,17,"Fox-3","Fox",13.1,196,2020
"773","233",47,0.789,"I",0.0061,0.0325,3,4.8917,0.6579,1.2011,12,"BB-7","Balboa",13.7,199,2020
"774","233",48,0.676,"I",0.006,0.0288,3,5.6818,0.5282,0.9549,12,"BB-7","Balboa",13.7,199,2020
"775","233",63,2.0498,"I",0.0294,0.0646,3,8.6293,0.7287,1.3625,12,"BB-7","Balboa",13.7,199,2020
"776","233",44,0.5889,"I",0.0076,0.0151,4,8.2162,0.5466,1.0859,12,"BB-7","Balboa",13.7,199,2020
"777","233",44,0.5922,"I",0.0017,0.026,4,1.9016,0.5238,1.0495,12,"BB-7","Balboa",13.7,199,2020
"778","230",52,1.0231,"I",0.0098,0.0365,4,5.7885,0.611,1.2041,61,"BB-3","Balboa",13,199,2020
"779","230",46,0.6505,"I",0.0049,0.0318,4,4.3172,0.5502,1.1661,61,"BB-3","Balboa",13,199,2020
"780","230",50,0.8338,"I",0.0056,0.0286,6,3.9943,0.5422,1.1216,61,"BB-3","Balboa",13,199,2020
"781","230",51,0.9464,"I",0.0087,0.0162,5,5.3146,0.6011,1.2341,61,"BB-3","Balboa",13,199,2020
"782","230",53,0.9275,"I",0.0101,0.0383,6,6.2928,0.5089,1.0781,61,"BB-3","Balboa",13,199,2020
"783","229",55,1.1902,"I",0.0144,0.0449,4,6.7765,0.6093,1.2772,86,"BB-2","Balboa",12.7,199,2020
"784","229",53,1.0244,"I",0.0097,0.0339,5,5.4464,0.5867,1.1963,86,"BB-2","Balboa",12.7,199,2020
"785","229",54,1.0879,"I",0.0095,0.0506,5,4.9274,0.5928,1.2244,86,"BB-2","Balboa",12.7,199,2020
"786","229",52,0.987,"I",0.0024,0.03,4,1.3605,0.6,1.2546,86,"BB-2","Balboa",12.7,199,2020
"787","229",52,1.0403,"I",0.0107,0.0422,5,6.0555,0.6225,1.2567,86,"BB-2","Balboa",12.7,199,2020
"788","229",52,0.9237,"I",0.003,0.0263,3,1.8496,0.5553,1.1536,86,"BB-2","Balboa",12.7,199,2020
"789","229",58,1.2673,"I",0.0028,0.0336,4,1.2624,0.5688,1.1368,86,"BB-2","Balboa",12.7,199,2020
"790","229",55,1.2081,"I",0.0146,0.0516,5,7.2349,0.6115,1.2129,86,"BB-2","Balboa",12.7,199,2020
"791","229",61,1.6776,"I",0.0171,0.0702,5,6.1733,0.6303,1.2204,86,"BB-2","Balboa",12.7,199,2020
"792","229",52,0.9436,"I",0.0056,0.0287,4,3.7209,0.538,1.0704,86,"BB-2","Balboa",12.7,199,2020
"793","229",49,0.7501,"I",0.0088,0.0254,4,6.1281,0.5433,1.2206,86,"BB-2","Balboa",12.7,199,2020
"794","229",56,1.3287,"I",0.013,0.0421,5,5.7471,0.6377,1.288,86,"BB-2","Balboa",12.7,199,2020
"795","229",55,1.2761,"I",0.0168,0.0299,4,7.8395,0.6474,1.2881,86,"BB-2","Balboa",12.7,199,2020
"796","229",57,1.4695,"I",0.0108,0.039,3,4.3867,0.654,1.3294,86,"BB-2","Balboa",12.7,199,2020
"797","229",55,1.3521,"I",0.0097,0.0426,4,4.1901,0.6911,1.3914,86,"BB-2","Balboa",12.7,199,2020
"798","236",52,1.2399,"I",0.0127,0.0714,6,6.7589,0.7499,1.3363,19,"Fal-3","Falmouth",12,201,2020
"799","236",45,0.7284,"I",0.0052,0.0284,5,4.7489,0.6706,1.2016,19,"Fal-3","Falmouth",12,201,2020
"800","236",38,0.4365,"I",0.0047,0.0146,5,7.8992,0.6293,1.0843,19,"Fal-3","Falmouth",12,201,2020
"801","236",49,0.8945,"I",0.006,0.0309,4,4.2403,0.6604,1.2027,19,"Fal-3","Falmouth",12,201,2020
"802","236",44,0.6163,"I",0.005,0.0257,4,5.123,0.6113,1.1458,19,"Fal-3","Falmouth",12,201,2020
"803","235",50,0.8542,"I",0.0055,0.0272,4,4.2049,0.5634,1.0464,101,"Fal-5","Falmouth",12.2,201,2020
"804","235",48,0.7611,"I",0.008,0.035,5,7.0985,0.5791,1.0191,101,"Fal-5","Falmouth",12.2,201,2020
"805","235",44,0.7065,"I",0.0039,0.0284,5,3.7178,0.6846,1.2315,101,"Fal-5","Falmouth",12.2,201,2020
"806","235",49,0.9351,"I",0.0091,0.0451,6,6.3282,0.6678,1.2223,101,"Fal-5","Falmouth",12.2,201,2020
"807","235",50,0.9204,"I",0.0048,0.0319,5,3.3496,0.6363,1.1464,101,"Fal-5","Falmouth",12.2,201,2020
"808","235",51,1.0945,"I",0.008,0.0925,6,5.102,0.6641,1.182,101,"Fal-5","Falmouth",12.2,201,2020
"809","235",50,0.9671,"I",0.0095,0.0353,5,6.445,0.6499,1.1792,101,"Fal-5","Falmouth",12.2,201,2020
"810","235",46,0.7725,"I",0.0054,0.0243,4,4.4154,0.7048,1.2565,101,"Fal-5","Falmouth",12.2,201,2020
"811","235",52,1.0311,"I",0.0066,0.0366,5,3.9952,0.6355,1.1749,101,"Fal-5","Falmouth",12.2,201,2020
"812","235",45,0.6763,"I",0.0034,0.0316,5,3.285,0.619,1.1358,101,"Fal-5","Falmouth",12.2,201,2020
"813","235",48,0.8216,"I",0.0067,0.0358,5,5.1737,0.6389,1.171,101,"Fal-5","Falmouth",12.2,201,2020
"814","235",47,0.7809,"I",0.0069,0.0317,4,5.9278,0.6016,1.1211,101,"Fal-5","Falmouth",12.2,201,2020
"815","235",48,0.8126,"I",0.0024,0.0387,6,2.2039,0.5738,0.9847,101,"Fal-5","Falmouth",12.2,201,2020
"816","235",50,0.9133,"I",0.0095,0.0312,4,7.5397,0.6131,1.008,101,"Fal-5","Falmouth",12.2,201,2020
"817","235",44,0.6033,"I",0.0024,0.0212,4,2.9925,0.5662,0.9415,101,"Fal-5","Falmouth",12.2,201,2020
"818","235",39,0.3308,"I",0.0012,0.0146,5,2.7211,0.4442,0.7434,101,"Fal-5","Falmouth",12.2,201,2020
"819","235",39,0.3518,"I",8e-04,0.0059,4,1.636,0.4941,0.8244,101,"Fal-5","Falmouth",12.2,201,2020
"820","235",44,0.6317,"I",0.0025,0.0252,5,2.5227,0.6252,1.1634,101,"Fal-5","Falmouth",12.2,201,2020
"821","235",45,0.6275,"I",0.0031,0.0264,5,2.958,0.5905,1.1501,101,"Fal-5","Falmouth",12.2,201,2020
"822","235",43,0.5059,"I",0.0018,0.0256,5,2.2585,0.53,1.0024,101,"Fal-5","Falmouth",12.2,201,2020
"823","239",43,0.5788,"I",0.0053,0.0267,5,6.078,0.6008,1.0968,689,"Sand-2","Sand Point",11.9,202,2020
"824","239",59,1.6248,"I",0.0156,0.0881,6,6.2802,0.6709,1.2095,689,"Sand-2","Sand Point",11.9,202,2020
"825","239",52,1.0852,"I",0.0163,0.0745,6,9.5826,0.6699,1.2097,689,"Sand-2","Sand Point",11.9,202,2020
"826","239",56,1.4307,"I",0.0101,0.1002,5,4.4357,0.7035,1.2966,689,"Sand-2","Sand Point",11.9,202,2020
"827","239",51,1.0571,"I",0.021,0.0627,5,13.076,0.6746,1.2107,689,"Sand-2","Sand Point",11.9,202,2020
"828","239",49,0.9694,"I",0.015,0.0587,6,10.281,0.683,1.2401,689,"Sand-2","Sand Point",11.9,202,2020
"829","239",45,0.7146,"I",0.0081,0.0354,4,7.2907,0.7001,1.2192,689,"Sand-2","Sand Point",11.9,202,2020
"830","239",50,1.0731,"I",0.0142,0.0566,6,8.875,0.7102,1.28,689,"Sand-2","Sand Point",11.9,202,2020
"831","239",43,0.6563,"I",0.0074,0.0394,6,7.4074,0.7105,1.2565,689,"Sand-2","Sand Point",11.9,202,2020
"832","239",45,0.7457,"I",0.0045,0.0463,6,4.0431,0.6779,1.2214,689,"Sand-2","Sand Point",11.9,202,2020
"833","239",40,0.5239,"I",0.0048,0.0298,5,6.2176,0.6894,1.2063,689,"Sand-2","Sand Point",11.9,202,2020
"834","240",53,1.1149,"I",0.0078,0.0638,4,4.1868,0.6358,1.2514,211,"Sand-3","Sand Point",12.2,202,2020
"835","240",50,0.7532,"I",0.0068,0.0335,4,5.6714,0.526,0.9592,211,"Sand-3","Sand Point",12.2,202,2020
"836","240",57,1.5462,"I",0.0151,0.0798,5,6.186,0.7199,1.3181,211,"Sand-3","Sand Point",12.2,202,2020
"837","240",60,1.6297,"I",0.0206,0.1201,6,8.5691,0.6453,1.113,211,"Sand-3","Sand Point",12.2,202,2020
"838","240",53,1.1479,"I",0.0113,0.0672,5,6.3986,0.6413,1.1862,211,"Sand-3","Sand Point",12.2,202,2020
"839","240",52,1.0697,"I",0.0061,0.0702,5,3.7037,0.6352,1.1713,211,"Sand-3","Sand Point",12.2,202,2020
"840","240",45,0.702,"I",0.0028,0.0335,4,2.7532,0.6159,1.116,211,"Sand-3","Sand Point",12.2,202,2020
"841","240",41,0.5202,"I",0.0016,0.0288,3,2.1108,0.6151,1.0998,211,"Sand-3","Sand Point",12.2,202,2020
"842","240",61,1.6957,"I",0.0101,0.0863,6,3.9826,0.6397,1.1173,211,"Sand-3","Sand Point",12.2,202,2020
"843","240",54,1.2191,"I",0.0075,0.0586,5,4.0606,0.6431,1.173,211,"Sand-3","Sand Point",12.2,202,2020
"844","240",54,1.3432,"I",0.0153,0.0529,4,7.3699,0.7299,1.3184,211,"Sand-3","Sand Point",12.2,202,2020
"845","240",49,0.785,"I",0.002,0.0497,4,1.7065,0.5371,0.9962,211,"Sand-3","Sand Point",12.2,202,2020
"846","240",39,0.406,"I",0.0043,0.0244,4,7.1786,0.528,1.0098,211,"Sand-3","Sand Point",12.2,202,2020
"847","240",63,2.1693,"I",0.0087,0.1991,6,2.7558,0.7023,1.2626,211,"Sand-3","Sand Point",12.2,202,2020
"848","243",49,0.7994,"I",0.0069,0.0231,3,5.378,0.572,1.0905,33,"Bar-4","Baralof",11.1,205,2020
"849","243",46,0.6501,"I",0.0024,0.0239,4,2.3928,0.5484,1.0305,33,"Bar-4","Baralof",11.1,205,2020
"850","243",45,0.5978,"I",0.006,0.0178,3,6.4447,0.5409,1.0217,33,"Bar-4","Baralof",11.1,205,2020
"851","243",46,0.6426,"I",0.0135,0.0153,3,12.2727,0.5668,1.1301,33,"Bar-4","Baralof",11.1,205,2020
"852","243",52,1.0837,"I",0.0105,0.042,4,6.1404,0.6371,1.2161,33,"Bar-4","Baralof",11.1,205,2020
"853","243",44,0.5434,"I",0.0063,0.0266,5,7.2082,0.5161,1.026,33,"Bar-4","Baralof",11.1,205,2020
"854","243",47,0.7605,"I",0.0064,0.03,5,5.503,0.5872,1.1202,33,"Bar-4","Baralof",11.1,205,2020
"855","243",48,0.8377,"I",0.0433,0.0066,6,34.3106,0.6155,1.1411,33,"Bar-4","Baralof",11.1,205,2020
"856","243",52,1.0786,"I",0.0102,0.0714,6,6.3119,0.6175,1.1493,33,"Bar-4","Baralof",11.1,205,2020
"857","243",56,1.2201,"I",0.0076,0.0381,5,3.7924,0.5921,1.1411,33,"Bar-4","Baralof",11.1,205,2020
"858","243",57,1.3475,"I",0.006,0.0783,5,2.9747,0.5787,1.0891,33,"Bar-4","Baralof",11.1,205,2020
"859","243",62,1.7674,"I",0.007,0.0658,5,2.3793,0.6363,1.2344,33,"Bar-4","Baralof",11.1,205,2020
"860","243",65,2.0388,"I",0.0194,0.0727,4,5.7859,0.6244,1.2209,33,"Bar-4","Baralof",11.1,205,2020
"861","243",67,2.2432,"I",0.0133,0.0913,4,3.8573,0.615,1.1464,33,"Bar-4","Baralof",11.1,205,2020
"862","243",44,0.5108,"I",0.0037,0.0196,3,4.3787,0.4797,0.992,33,"Bar-4","Baralof",11.1,205,2020
"863","243",47,0.7902,"I",0.0062,0.0336,4,5.5062,0.5832,1.0845,33,"Bar-4","Baralof",11.1,205,2020
"864","243",47,0.7799,"I",0.0072,0.0285,3,6.3492,0.5747,1.0922,33,"Bar-4","Baralof",11.1,205,2020
"865","243",40,0.4078,"I",0.0045,0.0185,4,6.7669,0.5052,1.0391,33,"Bar-4","Baralof",11.1,205,2020
"866","243",47,0.785,"I",0.0043,0.0317,5,3.5923,0.6063,1.1529,33,"Bar-4","Baralof",11.1,205,2020
"867","243",49,0.8645,"I",0.008,0.0318,4,6.5094,0.5688,1.0446,33,"Bar-4","Baralof",11.1,205,2020
"868","243",57,1.4179,"I",0.0117,0.0664,6,6.0937,0.5718,1.0368,33,"Bar-4","Baralof",11.1,205,2020
"869","243",61,1.719,"I",0.0162,0.0663,4,6.5086,0.6066,1.0966,33,"Bar-4","Baralof",11.1,205,2020
"870","243",54,1.3008,"I",0.0064,0.0455,4,3.7892,0.6121,1.0726,33,"Bar-4","Baralof",11.1,205,2020
"871","243",54,1.1784,"I",0.0095,0.0632,5,5.6954,0.5624,1.0593,33,"Bar-4","Baralof",11.1,205,2020
"872","243",41,0.5356,"I",0.0017,0.0085,4,2.3224,0.5572,1.0621,33,"Bar-4","Baralof",11.1,205,2020
"873","247",58,1.4266,"I",0.0149,0.0514,4,6.4114,0.6183,1.1911,16,"RR-1","Rodman Reach",13.6,210,2020
"874","247",75,2.9547,"I",0.0193,0.1352,6,3.986,0.6099,1.1477,16,"RR-1","Rodman Reach",13.6,210,2020
"875","247",51,1.0035,"I",0.0104,0.0572,6,6.4878,0.6294,1.2084,16,"RR-1","Rodman Reach",13.6,210,2020
"876","247",69,2.4086,"I",0.0222,0.1006,6,5.5723,0.6191,1.2128,16,"RR-1","Rodman Reach",13.6,210,2020
"877","247",59,1.5266,"I",0.0229,0.048,3,8.998,0.6286,1.2392,16,"RR-1","Rodman Reach",13.6,210,2020
"878","247",76,3.4174,"I",0.0226,0.1606,6,4.1046,0.6617,1.2543,16,"RR-1","Rodman Reach",13.6,210,2020
"879","247",64,2.1045,"I",0.0239,0.0927,5,7.1966,0.6636,1.2669,16,"RR-1","Rodman Reach",13.6,210,2020
"880","247",59,1.5278,"I",0.0138,0.0546,4,5.56,0.615,1.2085,16,"RR-1","Rodman Reach",13.6,210,2020
"881","247",52,1.0013,"I",0.0143,0.043,4,8.5834,0.5818,1.1849,16,"RR-1","Rodman Reach",13.6,210,2020
"882","247",73,2.9095,"I",0.0303,0.095,4,6.2001,0.6412,1.2562,16,"RR-1","Rodman Reach",13.6,210,2020
"883","247",62,1.856,"I",0.0315,0.0938,6,10.5281,0.658,1.2554,16,"RR-1","Rodman Reach",13.6,210,2020
"884","247",57,1.2971,"I",0.0135,0.0468,5,6.481,0.5818,1.1248,16,"RR-1","Rodman Reach",13.6,210,2020
"885","247",53,1.124,"I",0.0137,0.0385,4,7.2718,0.6305,1.2655,16,"RR-1","Rodman Reach",13.6,210,2020
"886","247",55,1.1484,"I",0.0081,0.0497,4,4.2564,0.5696,1.1438,16,"RR-1","Rodman Reach",13.6,210,2020
"887","247",59,1.4763,"I",0.0101,0.0532,3,3.9984,0.6085,1.2299,16,"RR-1","Rodman Reach",13.6,210,2020
"888","249",44,0.5757,"I",0.0036,0.0238,4,3.8095,0.5224,1.1094,22,"RR-4","Rodman Reach",12.9,210,2020
"889","249",53,1.1208,"I",0.0079,0.0421,4,4.2634,0.6272,1.2447,22,"RR-4","Rodman Reach",12.9,210,2020
"890","249",50,0.9548,"I",0.0129,0.0543,6,8.3821,0.625,1.2312,22,"RR-4","Rodman Reach",12.9,210,2020
"891","249",66,2.1456,"I",0.0204,0.0703,3,5.6416,0.639,1.2578,22,"RR-4","Rodman Reach",12.9,210,2020
"892","249",68,2.1535,"I",0.0219,0.0711,4,5.7091,0.5818,1.22,22,"RR-4","Rodman Reach",12.9,210,2020
"893","249",55,1.2563,"I",0.0144,0.0429,5,6.8246,0.6351,1.2682,22,"RR-4","Rodman Reach",12.9,210,2020
"894","249",65,2.0093,"I",0.0193,0.0691,5,5.497,0.6259,1.2785,22,"RR-4","Rodman Reach",12.9,210,2020
"895","249",64,2.0075,"I",0.0193,0.0638,4,5.5845,0.6479,1.3184,22,"RR-4","Rodman Reach",12.9,210,2020
"896","249",61,1.6036,"I",0.0214,0.0561,4,7.734,0.5822,1.219,22,"RR-4","Rodman Reach",12.9,210,2020
"897","249",61,1.7504,"I",0.0197,0.066,4,6.7605,0.6224,1.2838,22,"RR-4","Rodman Reach",12.9,210,2020
"898","253",70,2.673,"I",0.0269,0.196,6,6.5706,0.6392,1.1936,29,"Jap-2","Japanese",12.2,212,2020
"899","253",70,2.2921,"I",0.0312,0.0761,5,8.0955,0.5783,1.1236,29,"Jap-2","Japanese",12.2,212,2020
"900","260",55,1.1024,"I",0.012,0.0216,2,6.3224,0.5818,1.1408,636,"Kai-2","Kaiugnak",12.1,214,2020
"901","260",70,2.6798,"I",0.0286,0.1745,6,6.7042,0.6557,1.2437,636,"Kai-2","Kaiugnak",12.1,214,2020
"902","260",65,2.0995,"I",0.0151,0.1263,6,4.3985,0.6489,1.2501,636,"Kai-2","Kaiugnak",12.1,214,2020
"903","253",66,2.0307,"I",0.0127,0.0126,5,3.7441,0.5985,1.1798,29,"Jap-2","Japanese",12.2,212,2020
"904","253",69,2.2878,"I",0.0197,0.0617,4,4.9535,0.6194,1.2106,29,"Jap-2","Japanese",12.2,212,2020
"905","253",72,2.7824,"I",0.0162,0.2468,6,3.9112,0.5838,1.1097,29,"Jap-2","Japanese",12.2,212,2020
"906","253",57,1.3953,"I",0.0124,0.0665,5,5.7196,0.6204,1.1707,29,"Jap-2","Japanese",12.2,212,2020
"907","253",84,4.2869,"I",0.0411,0.147,4,5.6155,0.6441,1.2348,29,"Jap-2","Japanese",12.2,212,2020
"908","253",75,3.1723,"I",0.0268,0.1775,7,5.2611,0.6326,1.2075,29,"Jap-2","Japanese",12.2,212,2020
"909","253",76,3.1959,"I",0.0222,0.1382,5,4.2262,0.6392,1.1966,29,"Jap-2","Japanese",12.2,212,2020
"910","253",68,2.1142,"I",0.0221,0.0777,4,6.1474,0.5864,1.1433,29,"Jap-2","Japanese",12.2,212,2020
"911","253",67,2.0764,"I",0.0107,0.1644,6,3.2026,0.5777,1.1108,29,"Jap-2","Japanese",12.2,212,2020
"912","253",66,2.3225,"I",0.0163,0.1886,6,4.3971,0.663,1.2894,29,"Jap-2","Japanese",12.2,212,2020
"913","253",61,1.6049,"I",0.0196,0.0493,3,6.9307,0.6193,1.2459,29,"Jap-2","Japanese",12.2,212,2020
"914","253",71,2.6972,"I",0.021,0.2252,6,4.9215,0.6157,1.1922,29,"Jap-2","Japanese",12.2,212,2020
"915","253",65,2.0221,"I",0.0165,0.0703,5,4.9283,0.6237,1.2191,29,"Jap-2","Japanese",12.2,212,2020
"916","253",61,1.5983,"I",0.0095,0.0719,5,3.5661,0.5834,1.1737,29,"Jap-2","Japanese",12.2,212,2020
"917","253",61,1.6633,"I",0.0133,0.1151,6,5.0246,0.5936,1.1662,29,"Jap-2","Japanese",12.2,212,2020
"918","253",64,1.77,"I",0.0169,0.0703,4,5.624,0.5708,1.1463,29,"Jap-2","Japanese",12.2,212,2020
"919","253",68,2.2524,"I",0.0137,0.1503,6,3.7411,0.6046,1.1646,29,"Jap-2","Japanese",12.2,212,2020
"920","253",63,1.9135,"I",0.0195,0.0998,4,6.244,0.6479,1.249,29,"Jap-2","Japanese",12.2,212,2020
"921","253",70,2.4748,"I",0.0141,0.1883,6,3.518,0.6027,1.1685,29,"Jap-2","Japanese",12.2,212,2020
"922","253",66,2.1223,"I",0.0171,0.1426,6,5.0073,0.6196,1.1878,29,"Jap-2","Japanese",12.2,212,2020
"923","259",90,6.4513,"I",0.0829,0.2325,6,7.9781,0.7632,1.4254,44,"Kai-1","Kaiugnak",12.1,214,2020
"924","259",73,3.1394,"I",0.0303,0.1112,5,5.9929,0.6903,1.2997,44,"Kai-1","Kaiugnak",12.1,214,2020
"925","259",75,3.5633,"I",0.0475,0.1637,6,8.2537,0.718,1.3641,44,"Kai-1","Kaiugnak",12.1,214,2020
"926","259",81,4.2666,"I",0.0679,0.3444,7,10.3144,0.6612,1.2387,44,"Kai-1","Kaiugnak",12.1,214,2020
"927","259",60,1.9818,"I",0.0241,0.1153,6,7.9146,0.7444,1.4097,44,"Kai-1","Kaiugnak",12.1,214,2020
"928","259",73,3.2762,"I",0.0417,0.195,6,7.862,0.7145,1.3634,44,"Kai-1","Kaiugnak",12.1,214,2020
"929","259",74,3.2878,"I",0.0452,0.1848,6,8.6424,0.6691,1.2906,44,"Kai-1","Kaiugnak",12.1,214,2020
"930","259",74,3.2267,"I",0.0423,0.1335,5,7.9169,0.6713,1.3185,44,"Kai-1","Kaiugnak",12.1,214,2020
"931","260",69,2.5762,"I",0.0362,0.1404,6,9.2678,0.6445,1.189,636,"Kai-2","Kaiugnak",12.1,214,2020
"932","260",70,2.8937,"I",0.0282,0.2035,6,6.1815,0.6949,1.33,636,"Kai-2","Kaiugnak",12.1,214,2020
"933","260",79,3.3038,"I",0.0453,0.1094,5,7.903,0.595,1.1626,636,"Kai-2","Kaiugnak",12.1,214,2020
"934","260",67,2.4116,"I",0.0402,0.0903,4,10.3368,0.6598,1.293,636,"Kai-2","Kaiugnak",12.1,214,2020
"935","260",85,4.6843,"I",0.0333,0.2405,6,4.323,0.6414,1.2543,636,"Kai-2","Kaiugnak",12.1,214,2020
"936","260",75,3.5613,"I",0.0445,0.2809,6,8.1577,0.679,1.293,636,"Kai-2","Kaiugnak",12.1,214,2020
"937","260",75,3.1338,"I",0.0531,0.2116,5,10.6264,0.6141,1.1845,636,"Kai-2","Kaiugnak",12.1,214,2020
"938","260",60,1.603,"I",0.0219,0.0631,4,8.308,0.6243,1.2204,636,"Kai-2","Kaiugnak",12.1,214,2020
"939","260",75,3.4078,"I",0.0334,0.2065,6,6.0007,0.6628,1.3193,636,"Kai-2","Kaiugnak",12.1,214,2020
"940","260",52,1.0716,"I",0.0163,0.0513,4,9.4548,0.6209,1.2261,636,"Kai-2","Kaiugnak",12.1,214,2020
"941","260",79,3.7788,"I",0.0364,0.1301,5,5.7668,0.6588,1.2802,636,"Kai-2","Kaiugnak",12.1,214,2020
"942","260",86,5.0037,"I",0.0375,0.2467,5,4.6677,0.6652,1.2631,636,"Kai-2","Kaiugnak",12.1,214,2020
"943","260",81,4.0224,"I",0.0521,0.1364,3,8.07,0.6298,1.2148,636,"Kai-2","Kaiugnak",12.1,214,2020
"944","260",81,4.1424,"I",0.528,0.1373,5,7.79,0.6586,1.275,636,"Kai-2","Kaiugnak",12.1,214,2020
"945","260",72,2.8322,"I",0.0287,0.1992,6,6.3792,0.6042,1.2054,636,"Kai-2","Kaiugnak",12.1,214,2020
"946","260",71,2.9978,"I",0.0409,0.144,4,8.364,0.6828,1.3663,636,"Kai-2","Kaiugnak",12.1,214,2020
"947","260",65,2.1505,"I",0.0254,0.0677,4,7.0224,0.6475,1.3171,636,"Kai-2","Kaiugnak",12.1,214,2020
"948","268",64,2.0859,"I",0.0196,0.0998,5,5.8403,0.6603,1.2802,101,"Kilu-6","Kiluida",12.5,216,2020
"949","268",78,3.8251,"I",0.0313,0.1691,6,5.0541,0.6943,1.305,101,"Kilu-6","Kiluida",12.5,216,2020
"950","268",64,2.0713,"I",0.0281,0.1324,6,8.8868,0.639,1.2062,101,"Kilu-6","Kiluida",12.5,216,2020
"951","268",78,3.5804,"I",0.0253,0.1583,6,4.4723,0.619,1.1921,101,"Kilu-6","Kiluida",12.5,216,2020
"952","268",73,2.7931,"I",0.0184,0.1007,5,4.1219,0.6004,1.1475,101,"Kilu-6","Kiluida",12.5,216,2020
"953","268",91,6.1635,"I",0.0202,0.2684,6,2.0707,0.6923,1.2945,101,"Kilu-6","Kiluida",12.5,216,2020
"954","268",81,4.7101,"I",0.0436,0.2831,6,5.994,0.7502,1.3687,101,"Kilu-6","Kiluida",12.5,216,2020
"955","268",72,3.1323,"I",0.0328,0.1435,5,6.5679,0.7201,1.338,101,"Kilu-6","Kiluida",12.5,216,2020
"956","268",70,2.7455,"I",0.0404,0.1007,6,9.367,0.6777,1.2574,101,"Kilu-6","Kiluida",12.5,216,2020
"957","268",76,3.8284,"I",0.0174,0.252,6,3.1216,0.7258,1.2698,101,"Kilu-6","Kiluida",12.5,216,2020
"958","268",82,4.9972,"I",0.0406,0.2071,6,5.4198,0.7327,1.3586,101,"Kilu-6","Kiluida",12.5,216,2020
"959","269",58,1.6519,"I",0.0195,0.0787,5,7.7658,0.7144,1.287,181,"Kilu-5","Kiluida",12.2,216,2020
"960","269",68,2.5164,"I",0.0191,0.1316,6,4.9189,0.6746,1.2349,181,"Kilu-5","Kiluida",12.2,216,2020
"961","269",73,3.1906,"I",0.0378,0.1424,6,7.8002,0.698,1.2457,181,"Kilu-5","Kiluida",12.2,216,2020
"962","269",78,3.5776,"I",0.0274,0.0956,4,4.7894,0.654,1.2056,181,"Kilu-5","Kiluida",12.2,216,2020
"963","269",68,2.639,"I",0.0258,0.0926,5,6.2865,0.7267,1.3052,181,"Kilu-5","Kiluida",12.2,216,2020
"964","269",69,2.5871,"I",0.0115,0.1144,6,2.7947,0.6789,1.2526,181,"Kilu-5","Kiluida",12.2,216,2020
"965","269",70,2.8534,"I",0.0252,0.1008,5,5.654,0.6959,1.2994,181,"Kilu-5","Kiluida",12.2,216,2020
"966","269",75,3.4947,"I",0.0501,0.167,5,9.3175,0.6787,1.2745,181,"Kilu-5","Kiluida",12.2,216,2020
"967","269",69,2.6231,"I",0.0248,0.1487,5,6.6098,0.6547,1.1421,181,"Kilu-5","Kiluida",12.2,216,2020
"968","269",66,2.2146,"I",0.0239,0.0882,5,7.1429,0.6606,1.1638,181,"Kilu-5","Kiluida",12.2,216,2020
"969","269",75,3.484,"I",0.0307,0.1183,4,5.9439,0.7012,1.2243,181,"Kilu-5","Kiluida",12.2,216,2020
"970","269",78,3.9699,"I",0.0315,0.1091,3,5.1012,0.7297,1.3012,181,"Kilu-5","Kiluida",12.2,216,2020
"971","269",72,3.0299,"I",0.0357,0.137,6,7.7592,0.6657,1.2327,181,"Kilu-5","Kiluida",12.2,216,2020
"972","269",77,3.8308,"I",0.0306,0.2434,7,5.3254,0.6866,1.2586,181,"Kilu-5","Kiluida",12.2,216,2020
"973","276",86,5.7338,"I",0.1167,0.2013,4,11.8022,0.7963,1.5546,7,"Ugak-6","Ugak",13.5,220,2020
"974","276",72,3.7457,"I",0.0447,0.1327,3,6.9174,0.9017,1.7313,7,"Ugak-6","Ugak",13.5,220,2020
"975","273",92,7.1381,"I",0.0624,0.2241,5,5.4441,0.7636,1.472,2,"Ugak-4","Ugak",12.6,220,2020
"976","273",75,3.4302,"I",0.0387,0.207,5,7.1627,0.6591,1.2807,2,"Ugak-4","Ugak",12.6,220,2020
"977","276",81,4.2484,"I",0.0493,0.1316,4,6.7944,0.7117,1.3653,7,"Ugak-6","Ugak",13.5,220,2020
"978","276",76,3.2713,"I",0.012,0.1203,5,2.2144,0.6425,1.2345,7,"Ugak-6","Ugak",13.5,220,2020
"979","276",77,3.6702,"I",0.0651,0.1287,4,10.4662,0.7038,1.3624,7,"Ugak-6","Ugak",13.5,220,2020
"980","276",95,6.8376,"I",0.0818,0.2833,5,6.995,0.7,1.3639,7,"Ugak-6","Ugak",13.5,220,2020
"981","276",79,3.6185,"I",0.0976,0.102,3,15.2452,0.6536,1.2985,7,"Ugak-6","Ugak",13.5,220,2020
